id_socio,edad,genero,fecha_alta,nivel_fidelidad
1,17,F,2026-02-06,Bronce
2,68,Otro,2023-11-08,Bronce
3,59,F,2023-06-27,Bronce
4,41,F,2024-07-20,Plata
5,47,F,2024-06-03,Bronce
6,21,F,2024-04-30,Plata
7,47,F,2023-12-22,Bronce
8,70,M,2023-10-26,Bronce
9,19,F,2026-04-05,Plata
10,70,F,2025-09-13,Bronce
11,26,M,2023-10-02,Bronce
12,71,F,2025-11-22,Bronce
13,74,M,2025-03-05,Bronce
14,32,F,2023-07-08,Bronce
15,53,F,2023-07-05,Bronce
16,39,M,2023-10-12,Oro
17,20,M,2024-04-23,Plata
18,67,M,2024-05-15,Bronce
19,49,F,2025-07-13,Oro
20,21,M,2025-12-10,Plata
21,37,F,2023-06-30,Bronce
22,26,M,2025-10-07,Bronce
23,63,Otro,2024-03-23,Plata
24,31,F,2026-02-22,Plata
25,48,F,2026-05-13,Bronce
26,24,F,2025-09-12,Plata
27,75,F,2025-03-01,Bronce
28,74,F,2024-04-26,Plata
29,21,M,2025-04-16,Bronce
30,31,M,2025-11-20,Plata
31,44,M,2024-07-25,Oro
32,18,M,2023-05-30,Oro
33,35,M,2024-01-23,Plata
34,75,F,2026-05-08,Bronce
35,74,Otro,2025-03-06,Bronce
36,51,M,2024-10-29,Plata
37,34,F,2024-07-24,Oro
38,41,M,2024-01-16,Oro
39,18,F,2024-04-18,Bronce
40,34,F,2024-10-23,Oro
41,35,F,2023-10-25,Oro
42,47,Otro,2023-10-11,Bronce
43,22,M,2024-12-30,Oro
44,67,F,2023-10-17,Bronce
45,56,F,2024-11-27,Bronce
46,48,M,2024-11-04,Plata
47,55,F,2025-12-12,Bronce
48,54,M,2024-07-03,Bronce
49,33,F,2023-07-26,Bronce
50,55,M,2025-05-02,Plata
51,16,M,2025-08-30,Bronce
52,26,F,2023-11-29,Oro
53,43,F,2024-12-28,Bronce
54,72,M,2023-09-19,Plata
55,40,M,2025-09-23,Plata
56,65,F,2024-08-17,Bronce
57,38,M,2026-01-20,Oro
58,46,M,2026-01-04,Bronce
59,45,F,2024-12-01,Bronce
60,57,F,2025-11-01,Plata
61,50,M,2024-03-13,Bronce
62,22,F,2026-05-18,Bronce
63,75,F,2023-09-05,Plata
64,31,F,2023-07-30,Bronce
65,41,F,2026-03-12,Bronce
66,63,M,2024-05-08,Plata
67,72,M,2024-08-11,Bronce
68,67,M,2023-09-20,Bronce
69,75,F,2024-05-15,Bronce
70,64,M,2023-10-23,Bronce
71,17,F,2024-12-30,Bronce
72,16,M,2024-07-24,Plata
73,63,M,2025-04-23,Plata
74,27,F,2026-01-31,Bronce
75,20,M,2024-12-06,Oro
76,52,M,2024-01-27,Plata
77,47,F,2024-12-15,Plata
78,74,M,2024-11-21,Bronce
79,70,F,2024-04-09,Bronce
80,24,F,2026-03-26,Bronce
81,56,M,2024-07-07,Plata
82,50,F,2026-05-14,Bronce
83,34,F,2026-04-15,Bronce
84,63,M,2026-02-19,Bronce
85,31,M,2023-09-07,Bronce
86,18,M,2025-12-21,Bronce
87,35,F,2026-01-30,Bronce
88,39,M,2024-02-09,Bronce
89,69,F,2025-08-26,Oro
90,71,F,2024-06-03,Plata
91,48,F,2024-01-28,Bronce
92,39,M,2025-05-07,Plata
93,67,M,2024-12-29,Oro
94,26,F,2024-07-12,Plata
95,64,M,2026-02-07,Bronce
96,23,M,2026-04-23,Plata
97,51,M,2025-10-01,Oro
98,53,M,2024-04-25,Oro
99,55,F,2026-04-17,Bronce
100,35,M,2024-10-04,Bronce
101,50,M,2023-08-14,Bronce
102,63,M,2024-05-09,Bronce
103,40,F,2023-07-08,Plata
104,50,F,2024-09-21,Bronce
105,40,M,2025-02-01,Plata
106,44,F,2024-07-08,Oro
107,33,F,2023-08-30,Bronce
108,61,F,2024-04-11,Bronce
109,33,F,2025-10-17,Bronce
110,17,M,2024-09-19,Plata
111,69,M,2024-04-14,Oro
112,50,M,2026-03-03,Bronce
113,31,M,2025-07-03,Bronce
114,56,Otro,2025-01-23,Bronce
115,51,M,2026-02-11,Bronce
116,48,M,2025-05-01,Plata
117,19,F,2023-12-27,Plata
118,48,F,2024-07-04,Oro
119,29,M,2023-12-22,Bronce
120,36,M,2024-06-06,Plata
121,63,M,2025-10-08,Plata
122,35,F,2025-09-03,Oro
123,71,M,2024-07-01,Bronce
124,23,M,2025-11-13,Plata
125,22,F,2025-03-15,Plata
126,18,M,2025-11-11,Plata
127,32,F,2025-01-29,Bronce
128,48,F,2024-12-02,Bronce
129,63,M,2024-04-24,Bronce
130,27,F,2023-12-20,Bronce
131,74,F,2025-07-19,Bronce
132,66,M,2025-06-24,Plata
133,37,F,2023-10-08,Plata
134,70,F,2023-08-01,Bronce
135,37,F,2023-11-06,Bronce
136,61,M,2024-01-12,Plata
137,45,Otro,2026-01-18,Bronce
138,53,M,2024-01-23,Plata
139,53,M,2026-04-11,Bronce
140,60,M,2025-03-05,Oro
141,66,M,2025-12-01,Bronce
142,69,F,2023-08-26,Bronce
143,23,M,2025-01-06,Bronce
144,42,M,2025-01-01,Bronce
145,42,F,2025-11-30,Bronce
146,49,M,2025-05-16,Bronce
147,36,M,2025-08-18,Plata
148,45,M,2024-06-13,Bronce
149,48,M,2025-09-25,Plata
150,43,M,2023-06-06,Bronce
151,62,F,2026-04-10,Plata
152,48,M,2023-11-13,Plata
153,20,M,2026-04-13,Oro
154,75,F,2025-08-31,Bronce
155,63,F,2024-07-07,Plata
156,34,M,2026-02-08,Oro
157,19,F,2024-10-29,Plata
158,50,M,2023-11-09,Bronce
159,64,F,2024-08-17,Bronce
160,32,F,2025-03-25,Plata
161,59,M,2024-01-20,Bronce
162,43,F,2025-04-23,Bronce
163,45,M,2023-05-25,Bronce
164,44,F,2024-07-02,Bronce
165,61,M,2025-07-05,Plata
166,68,F,2024-02-21,Bronce
167,21,F,2025-07-16,Plata
168,50,F,2023-11-01,Oro
169,75,M,2026-01-15,Plata
170,56,F,2024-08-25,Plata
171,52,F,2026-02-05,Plata
172,39,F,2025-07-16,Plata
173,44,F,2025-12-21,Oro
174,64,F,2024-03-23,Bronce
175,61,M,2024-01-12,Bronce
176,68,M,2024-12-20,Plata
177,46,F,2024-01-25,Plata
178,50,M,2025-09-03,Plata
179,75,Otro,2025-08-20,Oro
180,48,F,2023-05-20,Bronce
181,67,F,2025-12-05,Oro
182,36,M,2024-10-04,Bronce
183,47,F,2025-06-17,Bronce
184,38,F,2023-06-19,Bronce
185,48,F,2023-11-09,Bronce
186,18,F,2024-12-03,Bronce
187,33,M,2024-09-08,Plata
188,40,F,2024-05-25,Plata
189,57,F,2023-08-17,Oro
190,46,M,2024-05-28,Plata
191,69,M,2025-10-17,Oro
192,73,F,2023-09-19,Bronce
193,18,F,2023-09-30,Bronce
194,55,Otro,2025-06-12,Plata
195,61,F,2023-09-04,Bronce
196,39,M,2025-08-24,Plata
197,65,M,2023-12-01,Bronce
198,47,M,2023-12-05,Bronce
199,62,M,2026-03-09,Oro
200,37,M,2025-05-27,Bronce
201,38,M,2025-09-20,Oro
202,17,M,2024-01-31,Bronce
203,42,F,2024-07-04,Plata
204,57,M,2025-08-16,Oro
205,17,F,2025-12-17,Bronce
206,41,F,2025-03-07,Bronce
207,32,M,2024-04-13,Oro
208,55,M,2025-09-03,Plata
209,48,M,2026-04-25,Plata
210,24,M,2024-03-27,Plata
211,58,F,2024-09-15,Plata
212,69,M,2025-01-28,Plata
213,63,M,2026-03-28,Plata
214,54,M,2026-02-22,Plata
215,44,Otro,2024-12-20,Plata
216,57,F,2025-03-30,Oro
217,70,F,2025-08-01,Oro
218,41,M,2025-04-20,Plata
219,50,F,2023-11-23,Bronce
220,65,F,2024-06-08,Bronce
221,40,F,2024-05-03,Bronce
222,39,Otro,2023-08-27,Plata
223,28,M,2024-10-26,Bronce
224,75,F,2023-06-21,Oro
225,73,F,2025-11-18,Bronce
226,22,M,2025-09-26,Plata
227,72,M,2024-05-11,Oro
228,51,Otro,2025-11-19,Bronce
229,60,M,2024-04-26,Bronce
230,35,F,2023-05-31,Bronce
231,16,Otro,2023-09-07,Bronce
232,23,F,2026-01-24,Plata
233,61,M,2023-08-19,Bronce
234,31,F,2024-05-09,Bronce
235,29,M,2023-09-01,Bronce
236,27,F,2023-07-07,Plata
237,66,M,2024-10-14,Bronce
238,38,F,2023-09-07,Bronce
239,30,F,2025-07-26,Plata
240,43,F,2024-05-23,Oro
241,49,F,2024-07-25,Plata
242,17,F,2026-03-24,Plata
243,47,F,2025-06-12,Bronce
244,38,M,2024-04-16,Bronce
245,37,F,2025-09-03,Bronce
246,66,M,2023-12-11,Plata
247,40,F,2025-10-23,Bronce
248,73,M,2025-10-31,Plata
249,37,M,2025-05-23,Plata
250,73,F,2024-05-31,Bronce
251,73,M,2025-05-23,Plata
252,37,M,2025-02-10,Oro
253,64,F,2024-03-10,Plata
254,67,F,2023-10-13,Bronce
255,57,F,2023-10-17,Oro
256,21,M,2026-03-08,Oro
257,30,F,2025-03-19,Plata
258,69,M,2024-11-20,Plata
259,58,F,2025-03-08,Bronce
260,75,F,2025-02-16,Bronce
261,52,F,2025-05-14,Bronce
262,48,M,2023-08-12,Bronce
263,23,M,2026-03-31,Bronce
264,68,M,2026-02-28,Bronce
265,75,M,2026-02-16,Bronce
266,59,M,2023-10-19,Bronce
267,59,F,2023-08-22,Plata
268,20,M,2025-02-03,Bronce
269,54,F,2024-10-28,Bronce
270,19,M,2023-11-05,Plata
271,21,F,2024-06-09,Bronce
272,60,F,2024-03-12,Oro
273,47,M,2024-03-10,Bronce
274,67,M,2025-08-30,Bronce
275,45,F,2025-04-15,Bronce
276,62,M,2023-12-23,Plata
277,50,F,2025-03-05,Bronce
278,70,F,2024-02-29,Bronce
279,55,F,2024-07-25,Bronce
280,67,M,2025-05-07,Plata
281,31,F,2024-06-11,Plata
282,28,F,2023-09-14,Plata
283,65,F,2025-04-07,Bronce
284,75,M,2025-09-20,Bronce
285,57,F,2023-10-19,Bronce
286,45,F,2023-08-06,Bronce
287,34,F,2026-02-26,Oro
288,32,M,2025-09-05,Plata
289,71,F,2023-06-11,Bronce
290,34,M,2023-10-11,Plata
291,43,F,2024-05-21,Plata
292,73,F,2024-02-02,Bronce
293,70,F,2025-02-09,Plata
294,41,F,2025-06-12,Oro
295,52,M,2025-06-05,Bronce
296,41,Otro,2024-04-16,Oro
297,68,M,2025-01-31,Oro
298,38,F,2023-08-19,Bronce
299,24,F,2024-01-30,Plata
300,27,F,2024-12-28,Plata
301,68,M,2023-05-23,Bronce
302,16,F,2025-01-15,Bronce
303,73,F,2024-07-04,Bronce
304,73,M,2025-04-25,Plata
305,16,F,2024-08-05,Bronce
306,62,M,2025-03-07,Plata
307,49,M,2026-05-06,Bronce
308,47,M,2025-09-29,Plata
309,69,M,2026-03-13,Bronce
310,63,F,2025-06-14,Oro
311,40,M,2024-01-15,Bronce
312,55,M,2024-03-09,Plata
313,60,M,2024-08-22,Plata
314,68,F,2024-04-22,Plata
315,16,F,2023-08-18,Plata
316,31,M,2025-11-04,Oro
317,54,M,2025-09-08,Bronce
318,20,F,2023-08-22,Plata
319,37,M,2024-09-18,Bronce
320,44,F,2023-08-16,Bronce
321,70,M,2023-08-05,Bronce
322,18,F,2025-11-12,Bronce
323,27,M,2025-05-29,Plata
324,41,F,2025-07-09,Bronce
325,31,M,2025-08-22,Plata
326,66,Otro,2024-01-19,Oro
327,52,M,2023-08-16,Bronce
328,37,F,2025-07-16,Bronce
329,72,M,2023-09-21,Oro
330,44,M,2024-03-03,Bronce
331,29,F,2023-09-03,Bronce
332,43,M,2025-11-29,Plata
333,20,F,2023-09-02,Bronce
334,62,F,2026-04-02,Bronce
335,64,F,2024-05-19,Bronce
336,45,M,2025-02-05,Bronce
337,61,F,2023-11-22,Bronce
338,67,M,2025-10-20,Bronce
339,20,F,2024-06-05,Plata
340,27,F,2025-11-04,Bronce
341,31,F,2025-11-28,Oro
342,41,F,2023-07-20,Plata
343,41,F,2026-01-06,Bronce
344,63,M,2023-09-24,Bronce
345,36,F,2025-03-01,Plata
346,54,M,2026-03-06,Bronce
347,51,F,2025-11-11,Oro
348,48,F,2025-10-14,Bronce
349,45,F,2025-08-09,Bronce
350,52,M,2024-09-22,Bronce
351,38,F,2024-06-28,Bronce
352,73,M,2024-04-01,Plata
353,25,M,2026-03-25,Plata
354,69,M,2024-09-19,Plata
355,20,M,2024-05-24,Bronce
356,51,M,2024-07-05,Bronce
357,49,F,2025-01-23,Oro
358,67,M,2023-12-09,Plata
359,46,M,2026-03-28,Plata
360,25,F,2026-02-15,Bronce
361,73,M,2024-08-28,Oro
362,34,F,2025-04-29,Plata
363,73,F,2024-09-22,Plata
364,47,F,2023-09-09,Plata
365,16,F,2023-06-03,Plata
366,71,F,2025-04-30,Oro
367,20,F,2026-01-08,Bronce
368,60,M,2025-10-10,Plata
369,19,F,2023-10-22,Plata
370,31,M,2023-09-10,Bronce
371,39,F,2025-09-01,Bronce
372,31,M,2024-04-15,Bronce
373,70,F,2025-07-13,Bronce
374,17,M,2024-07-04,Bronce
375,64,F,2023-12-11,Plata
376,43,M,2024-11-12,Bronce
377,47,F,2023-09-03,Bronce
378,42,F,2024-06-02,Bronce
379,35,M,2024-12-14,Bronce
380,39,F,2024-08-04,Bronce
381,27,F,2024-01-20,Bronce
382,65,F,2025-03-30,Bronce
383,50,M,2025-09-09,Plata
384,75,M,2026-05-16,Bronce
385,48,M,2024-08-31,Oro
386,48,M,2025-12-25,Bronce
387,66,F,2026-02-28,Bronce
388,58,M,2025-08-18,Plata
389,52,F,2023-06-01,Bronce
390,27,M,2026-03-22,Bronce
391,18,F,2025-09-27,Plata
392,16,F,2024-08-27,Bronce
393,48,F,2026-03-15,Bronce
394,55,M,2023-10-27,Bronce
395,25,M,2023-12-14,Plata
396,58,M,2024-07-03,Bronce
397,59,M,2023-11-15,Bronce
398,44,M,2023-11-02,Plata
399,28,M,2025-09-25,Bronce
400,27,M,2024-01-16,Plata
401,46,F,2024-07-16,Bronce
402,61,M,2024-07-30,Bronce
403,17,F,2025-12-14,Oro
404,66,M,2024-04-11,Bronce
405,65,F,2024-11-02,Plata
406,50,F,2024-03-31,Oro
407,38,F,2026-04-21,Oro
408,32,F,2026-01-29,Plata
409,41,M,2024-07-03,Plata
410,23,F,2025-07-13,Oro
411,44,M,2025-06-16,Plata
412,41,M,2024-06-13,Oro
413,25,F,2023-08-06,Bronce
414,41,F,2023-10-10,Bronce
415,49,M,2026-01-29,Plata
416,66,F,2025-03-08,Bronce
417,56,F,2024-07-22,Plata
418,22,M,2023-07-27,Bronce
419,19,M,2023-05-25,Plata
420,73,M,2024-10-19,Plata
421,68,M,2023-12-09,Oro
422,65,M,2026-02-02,Bronce
423,60,M,2024-06-29,Plata
424,26,M,2024-01-26,Bronce
425,44,F,2025-04-05,Bronce
426,71,F,2025-09-23,Bronce
427,51,Otro,2025-03-14,Plata
428,40,M,2025-10-07,Oro
429,36,F,2023-06-04,Bronce
430,72,F,2023-11-09,Bronce
431,51,F,2023-09-13,Plata
432,25,M,2026-04-27,Plata
433,52,F,2024-01-06,Bronce
434,24,M,2025-09-13,Bronce
435,39,M,2023-07-14,Bronce
436,50,F,2024-12-13,Bronce
437,64,F,2025-11-09,Plata
438,50,M,2025-09-24,Bronce
439,63,F,2024-01-05,Bronce
440,51,F,2025-03-17,Plata
441,33,F,2023-12-03,Bronce
442,64,F,2023-07-23,Oro
443,54,M,2024-09-09,Bronce
444,47,Otro,2024-12-06,Oro
445,39,F,2023-07-20,Bronce
446,38,M,2024-11-25,Bronce
447,47,F,2024-04-10,Bronce
448,52,F,2026-04-13,Oro
449,27,F,2024-06-10,Oro
450,64,F,2026-03-21,Plata
451,70,F,2023-10-26,Bronce
452,28,F,2024-11-19,Bronce
453,38,F,2025-10-05,Bronce
454,40,F,2025-02-09,Plata
455,50,M,2026-01-08,Bronce
456,56,F,2024-01-15,Oro
457,45,M,2024-05-21,Bronce
458,32,F,2024-01-27,Bronce
459,64,F,2024-02-19,Plata
460,35,F,2025-02-18,Plata
461,63,F,2023-06-27,Bronce
462,40,F,2024-02-22,Bronce
463,37,M,2024-10-17,Plata
464,28,F,2025-02-17,Bronce
465,74,M,2026-03-25,Oro
466,34,M,2024-06-08,Plata
467,64,M,2024-07-07,Bronce
468,51,F,2024-01-22,Bronce
469,27,F,2026-05-13,Bronce
470,56,F,2023-11-03,Plata
471,34,M,2025-01-03,Plata
472,27,F,2023-07-19,Bronce
473,24,M,2025-05-20,Bronce
474,22,M,2024-04-29,Bronce
475,43,F,2024-03-25,Plata
476,29,M,2025-05-04,Bronce
477,46,M,2024-11-13,Oro
478,67,M,2024-09-05,Plata
479,34,M,2024-05-07,Oro
480,73,M,2024-04-30,Plata
481,62,M,2023-06-25,Plata
482,31,F,2026-03-10,Oro
483,68,F,2024-03-15,Plata
484,20,F,2025-01-27,Bronce
485,50,Otro,2024-10-10,Plata
486,27,M,2024-07-25,Plata
487,40,F,2023-09-04,Bronce
488,67,Otro,2024-07-26,Plata
489,74,M,2024-11-15,Oro
490,36,F,2026-02-09,Bronce
491,51,M,2025-07-19,Bronce
492,68,M,2025-01-29,Bronce
493,38,M,2026-04-09,Plata
494,31,F,2025-08-29,Bronce
495,72,F,2024-10-15,Plata
496,54,F,2023-07-01,Bronce
497,60,M,2023-11-15,Bronce
498,68,M,2024-06-28,Oro
499,57,M,2024-02-21,Oro
500,73,M,2025-11-06,Bronce
501,54,F,2024-07-05,Plata
502,29,M,2023-07-18,Bronce
503,46,F,2023-11-04,Oro
504,73,F,2025-12-01,Bronce
505,20,M,2025-03-25,Bronce
506,50,F,2024-11-07,Bronce
507,38,M,2024-09-18,Bronce
508,44,M,2025-03-27,Bronce
509,58,M,2025-12-16,Bronce
510,26,F,2025-07-22,Plata
511,33,M,2023-11-15,Plata
512,62,F,2025-01-07,Bronce
513,27,F,2025-10-31,Bronce
514,24,M,2024-03-10,Plata
515,25,F,2024-06-18,Bronce
516,73,F,2023-07-27,Bronce
517,59,M,2025-03-27,Bronce
518,32,M,2023-05-22,Plata
519,53,F,2025-08-04,Oro
520,22,M,2025-09-02,Bronce
521,61,F,2026-04-20,Oro
522,28,M,2026-03-26,Bronce
523,55,M,2024-03-21,Plata
524,57,M,2024-12-05,Bronce
525,24,M,2025-03-19,Bronce
526,65,F,2023-09-05,Bronce
527,42,M,2026-03-16,Bronce
528,73,F,2024-10-13,Bronce
529,17,F,2026-01-12,Bronce
530,20,F,2024-09-18,Oro
531,44,F,2026-03-15,Oro
532,52,M,2023-11-29,Bronce
533,53,M,2024-08-28,Oro
534,34,F,2025-07-15,Bronce
535,23,M,2024-09-11,Plata
536,63,F,2026-03-20,Bronce
537,60,M,2025-02-12,Bronce
538,16,F,2024-10-07,Plata
539,37,F,2025-02-03,Plata
540,67,F,2026-05-07,Bronce
541,32,F,2024-08-21,Bronce
542,22,F,2025-09-27,Bronce
543,40,F,2023-12-03,Plata
544,60,F,2024-03-13,Bronce
545,19,M,2025-03-03,Oro
546,51,M,2026-03-17,Bronce
547,21,M,2024-12-28,Bronce
548,75,F,2026-04-06,Bronce
549,46,M,2024-02-14,Bronce
550,34,F,2025-12-31,Plata
551,59,F,2025-10-20,Bronce
552,69,F,2024-08-29,Bronce
553,54,F,2025-02-08,Bronce
554,42,M,2025-09-17,Bronce
555,25,F,2023-05-20,Plata
556,41,F,2024-09-03,Plata
557,34,M,2024-08-07,Bronce
558,54,M,2024-04-10,Plata
559,18,F,2025-03-17,Bronce
560,60,F,2025-11-05,Bronce
561,28,M,2025-12-17,Plata
562,65,F,2026-03-02,Plata
563,43,F,2024-10-01,Bronce
564,73,M,2025-05-11,Plata
565,35,Otro,2025-04-05,Bronce
566,43,F,2025-04-05,Plata
567,23,F,2026-04-03,Oro
568,56,F,2024-04-15,Bronce
569,54,M,2025-07-22,Bronce
570,16,M,2025-05-24,Plata
571,18,M,2024-02-07,Bronce
572,28,M,2026-03-08,Oro
573,43,M,2023-09-28,Bronce
574,72,F,2024-08-02,Bronce
575,75,F,2025-07-28,Oro
576,64,F,2026-03-16,Plata
577,40,F,2026-01-27,Plata
578,71,F,2026-01-05,Bronce
579,48,M,2024-10-21,Oro
580,53,M,2023-10-12,Bronce
581,68,F,2024-05-18,Bronce
582,21,F,2026-03-30,Bronce
583,73,M,2024-09-13,Bronce
584,59,F,2024-05-02,Plata
585,60,M,2024-03-24,Plata
586,47,F,2024-01-03,Bronce
587,60,F,2023-06-26,Plata
588,62,F,2023-07-30,Bronce
589,36,Otro,2024-06-03,Oro
590,31,F,2025-05-27,Bronce
591,69,F,2025-12-24,Bronce
592,36,F,2023-09-10,Bronce
593,26,F,2025-04-26,Bronce
594,75,F,2025-02-21,Bronce
595,52,M,2026-01-22,Plata
596,51,M,2025-10-30,Plata
597,50,F,2024-03-17,Plata
598,34,M,2026-05-05,Plata
599,35,M,2025-01-05,Plata
600,72,Otro,2025-06-25,Bronce
601,33,F,2025-01-29,Plata
602,62,F,2024-06-02,Bronce
603,56,M,2024-01-04,Bronce
604,64,M,2026-03-04,Bronce
605,29,M,2026-04-22,Plata
606,30,M,2023-05-28,Plata
607,46,M,2023-11-01,Bronce
608,16,M,2025-03-10,Plata
609,68,F,2024-04-23,Bronce
610,69,F,2024-02-17,Plata
611,69,M,2026-05-05,Oro
612,18,M,2025-08-01,Bronce
613,31,F,2025-05-10,Plata
614,38,M,2023-08-06,Bronce
615,72,F,2025-10-01,Bronce
616,26,M,2024-06-10,Bronce
617,27,M,2023-11-24,Bronce
618,25,M,2025-04-28,Bronce
619,47,M,2023-12-13,Bronce
620,31,F,2025-05-10,Bronce
621,23,F,2026-03-22,Bronce
622,53,F,2025-08-22,Oro
623,27,M,2025-10-04,Bronce
624,39,F,2025-11-30,Oro
625,43,F,2024-09-23,Plata
626,68,F,2025-04-06,Plata
627,23,M,2025-12-26,Bronce
628,73,M,2025-07-12,Plata
629,43,F,2025-03-12,Plata
630,51,F,2025-09-17,Oro
631,41,M,2025-04-11,Plata
632,23,M,2024-01-22,Bronce
633,73,F,2025-05-26,Oro
634,75,F,2025-04-18,Plata
635,65,M,2024-06-25,Oro
636,43,F,2024-06-07,Plata
637,43,F,2026-02-03,Oro
638,52,F,2024-07-23,Bronce
639,56,F,2025-08-06,Bronce
640,51,M,2025-06-10,Bronce
641,42,F,2026-01-17,Bronce
642,69,M,2024-05-25,Bronce
643,32,F,2024-07-19,Bronce
644,24,F,2025-04-02,Plata
645,48,M,2023-09-17,Oro
646,68,F,2024-08-05,Oro
647,35,Otro,2024-05-18,Plata
648,28,M,2024-07-15,Bronce
649,43,F,2024-10-22,Plata
650,63,F,2024-09-27,Plata
651,44,F,2025-09-05,Plata
652,28,M,2023-09-22,Bronce
653,61,M,2023-12-20,Bronce
654,50,M,2024-01-09,Plata
655,21,F,2024-05-13,Plata
656,33,M,2025-01-04,Plata
657,66,F,2026-05-02,Plata
658,20,M,2024-01-12,Oro
659,62,F,2024-04-16,Bronce
660,40,M,2023-08-27,Bronce
661,17,M,2025-02-22,Plata
662,25,M,2025-02-11,Plata
663,71,M,2024-10-15,Bronce
664,45,F,2025-09-08,Bronce
665,65,F,2025-05-12,Bronce
666,74,F,2025-02-23,Bronce
667,60,F,2023-08-24,Plata
668,20,F,2024-04-05,Oro
669,70,F,2025-03-02,Bronce
670,71,F,2025-01-14,Bronce
671,48,F,2025-11-12,Plata
672,69,M,2026-05-04,Plata
673,16,F,2023-06-19,Bronce
674,33,M,2025-10-30,Bronce
675,47,F,2024-12-30,Plata
676,62,F,2025-05-29,Plata
677,64,M,2023-05-29,Plata
678,26,M,2024-11-16,Bronce
679,36,F,2024-08-25,Plata
680,41,F,2025-01-14,Oro
681,40,M,2025-02-28,Bronce
682,37,F,2025-09-02,Oro
683,74,F,2025-09-14,Bronce
684,42,F,2025-12-12,Plata
685,64,Otro,2024-04-26,Bronce
686,28,F,2025-06-16,Plata
687,48,M,2024-04-24,Bronce
688,49,F,2024-07-16,Plata
689,56,F,2025-03-27,Bronce
690,50,M,2025-06-12,Bronce
691,16,M,2023-07-04,Bronce
692,36,M,2025-01-13,Bronce
693,63,F,2024-10-23,Plata
694,70,F,2026-03-24,Bronce
695,21,F,2026-04-09,Bronce
696,43,F,2025-02-06,Plata
697,32,F,2024-01-31,Bronce
698,20,M,2025-05-15,Bronce
699,46,M,2023-12-04,Oro
700,20,M,2026-01-10,Bronce
701,53,M,2025-08-26,Bronce
702,18,F,2023-06-30,Bronce
703,68,F,2025-01-21,Plata
704,38,M,2025-11-24,Plata
705,52,F,2025-10-12,Plata
706,68,F,2026-03-14,Bronce
707,52,M,2023-07-01,Bronce
708,25,M,2023-09-27,Plata
709,25,M,2026-02-11,Plata
710,34,M,2025-03-15,Plata
711,32,F,2023-12-16,Bronce
712,36,M,2025-05-06,Plata
713,29,M,2024-02-26,Bronce
714,24,F,2023-08-06,Plata
715,61,Otro,2024-06-27,Plata
716,16,M,2024-12-28,Plata
717,66,M,2024-10-09,Plata
718,60,M,2024-04-12,Plata
719,28,M,2025-04-25,Plata
720,19,M,2024-10-08,Plata
721,16,F,2024-10-25,Bronce
722,64,M,2024-12-28,Bronce
723,55,M,2024-07-25,Plata
724,47,F,2025-03-04,Oro
725,49,M,2024-06-14,Bronce
726,43,M,2023-09-24,Bronce
727,46,M,2025-05-19,Bronce
728,23,Otro,2023-06-19,Plata
729,54,M,2025-09-03,Bronce
730,41,F,2023-08-08,Bronce
731,73,F,2024-11-13,Oro
732,49,M,2024-05-02,Oro
733,69,Otro,2026-02-22,Plata
734,69,M,2023-09-03,Plata
735,18,M,2026-02-25,Bronce
736,74,F,2023-07-21,Plata
737,65,F,2023-07-07,Oro
738,27,F,2024-06-07,Oro
739,16,M,2024-03-24,Bronce
740,69,M,2023-06-20,Bronce
741,59,F,2026-01-09,Bronce
742,20,M,2024-01-11,Bronce
743,45,M,2024-05-24,Bronce
744,45,M,2023-12-02,Bronce
745,74,M,2025-05-24,Bronce
746,72,F,2026-03-24,Bronce
747,32,M,2023-11-13,Plata
748,63,Otro,2025-10-12,Bronce
749,62,M,2024-04-22,Bronce
750,38,F,2025-05-11,Bronce
751,30,M,2026-05-10,Bronce
752,52,M,2024-06-21,Plata
753,36,M,2024-12-13,Bronce
754,29,M,2024-02-04,Bronce
755,17,F,2025-12-16,Bronce
756,26,Otro,2025-12-18,Bronce
757,66,F,2023-11-13,Plata
758,54,M,2024-01-29,Bronce
759,53,M,2024-09-14,Plata
760,75,M,2023-11-03,Bronce
761,49,F,2025-11-03,Oro
762,53,F,2023-06-28,Bronce
763,65,F,2024-09-15,Oro
764,49,M,2025-10-30,Plata
765,33,F,2026-04-06,Oro
766,45,M,2024-12-23,Plata
767,30,F,2025-01-25,Bronce
768,42,F,2024-03-23,Plata
769,66,F,2023-09-15,Plata
770,49,F,2025-11-24,Plata
771,67,M,2026-04-26,Plata
772,72,F,2026-01-18,Oro
773,53,M,2024-05-31,Oro
774,48,F,2023-10-25,Oro
775,39,M,2026-05-07,Plata
776,30,F,2024-08-30,Oro
777,75,F,2026-04-16,Plata
778,45,F,2025-12-07,Plata
779,70,F,2023-11-24,Bronce
780,57,F,2025-10-15,Bronce
781,66,F,2023-07-22,Plata
782,32,F,2024-11-09,Plata
783,20,F,2025-08-24,Bronce
784,44,M,2025-03-15,Bronce
785,19,Otro,2026-03-12,Bronce
786,25,F,2024-12-15,Plata
787,71,F,2023-09-04,Bronce
788,32,M,2025-07-13,Bronce
789,25,M,2026-02-18,Bronce
790,32,F,2024-10-31,Plata
791,75,M,2023-06-08,Plata
792,35,F,2025-03-02,Bronce
793,39,F,2025-06-19,Bronce
794,20,M,2023-10-30,Plata
795,49,F,2025-03-23,Bronce
796,21,F,2024-12-02,Oro
797,68,F,2026-01-31,Plata
798,17,F,2025-05-03,Bronce
799,28,M,2024-01-12,Plata
800,58,F,2025-03-26,Plata
801,58,M,2024-02-17,Oro
802,63,F,2025-08-07,Bronce
803,26,F,2026-02-23,Plata
804,66,M,2024-07-12,Bronce
805,62,F,2025-12-31,Bronce
806,72,F,2025-09-02,Bronce
807,38,M,2025-06-09,Plata
808,70,Otro,2025-05-11,Oro
809,31,M,2025-03-26,Bronce
810,46,M,2025-11-25,Bronce
811,26,F,2024-07-09,Bronce
812,69,F,2024-10-01,Plata
813,31,F,2024-06-04,Plata
814,23,F,2023-10-01,Oro
815,19,F,2024-07-26,Bronce
816,55,F,2025-04-19,Bronce
817,19,M,2024-06-01,Bronce
818,71,M,2025-05-10,Bronce
819,40,M,2025-10-21,Plata
820,18,M,2025-12-23,Oro
821,47,F,2026-03-22,Plata
822,18,M,2024-12-28,Plata
823,42,M,2024-10-23,Plata
824,44,M,2023-07-03,Bronce
825,47,F,2025-06-25,Plata
826,65,F,2024-10-05,Oro
827,73,F,2024-02-26,Bronce
828,66,F,2025-06-15,Plata
829,34,F,2024-04-13,Bronce
830,36,F,2024-11-21,Oro
831,20,M,2024-06-24,Oro
832,33,F,2024-10-29,Bronce
833,43,F,2024-07-27,Bronce
834,57,F,2025-12-01,Plata
835,37,F,2026-05-13,Plata
836,36,F,2024-07-22,Oro
837,21,F,2025-09-29,Bronce
838,16,F,2023-06-04,Bronce
839,20,M,2025-07-30,Bronce
840,56,F,2024-03-11,Bronce
841,27,M,2023-09-29,Oro
842,41,F,2024-05-28,Bronce
843,61,F,2025-02-09,Bronce
844,49,M,2025-06-16,Bronce
845,64,F,2025-09-28,Bronce
846,29,M,2024-05-27,Bronce
847,41,F,2026-04-26,Bronce
848,60,M,2025-05-28,Bronce
849,42,F,2026-02-16,Plata
850,24,M,2025-06-20,Plata
851,41,F,2025-04-15,Bronce
852,72,M,2023-06-15,Plata
853,62,F,2023-10-11,Bronce
854,72,F,2024-08-19,Oro
855,37,Otro,2024-04-28,Plata
856,62,F,2025-02-06,Oro
857,71,F,2026-04-28,Plata
858,45,M,2024-05-31,Plata
859,58,M,2024-09-06,Plata
860,63,M,2026-03-16,Bronce
861,32,F,2025-11-08,Plata
862,41,F,2024-12-13,Bronce
863,51,M,2025-05-24,Oro
864,16,F,2025-09-25,Plata
865,23,F,2025-08-21,Oro
866,64,F,2024-11-04,Bronce
867,50,M,2025-03-10,Bronce
868,67,M,2025-09-20,Plata
869,30,F,2024-10-14,Bronce
870,62,F,2024-11-16,Bronce
871,71,M,2026-05-15,Bronce
872,37,F,2025-04-23,Plata
873,29,F,2024-07-13,Oro
874,41,F,2024-09-07,Bronce
875,43,F,2024-06-13,Plata
876,38,M,2024-05-12,Plata
877,29,M,2023-11-23,Plata
878,39,F,2024-03-14,Oro
879,17,M,2024-09-21,Bronce
880,60,M,2023-11-21,Plata
881,41,M,2025-08-29,Plata
882,29,M,2026-04-26,Bronce
883,74,M,2024-03-02,Oro
884,71,M,2024-03-12,Plata
885,66,M,2024-04-20,Plata
886,22,M,2025-06-10,Oro
887,18,F,2024-07-22,Plata
888,62,F,2025-11-20,Plata
889,38,F,2025-08-11,Bronce
890,61,M,2025-12-02,Plata
891,58,M,2024-08-01,Oro
892,62,F,2023-10-23,Bronce
893,75,F,2024-03-16,Bronce
894,60,F,2024-08-22,Plata
895,33,M,2024-05-07,Bronce
896,73,F,2024-11-30,Plata
897,53,M,2024-02-22,Bronce
898,50,M,2024-08-31,Bronce
899,66,F,2023-06-10,Plata
900,30,F,2025-08-26,Bronce
901,40,M,2023-12-02,Plata
902,70,M,2024-07-19,Plata
903,52,F,2023-07-29,Bronce
904,43,M,2023-08-12,Bronce
905,25,M,2025-09-25,Bronce
906,54,M,2024-08-15,Plata
907,72,F,2026-05-07,Plata
908,32,M,2023-12-02,Oro
909,54,Otro,2026-02-03,Plata
910,37,F,2025-06-20,Bronce
911,41,Otro,2023-10-26,Oro
912,59,F,2023-06-08,Bronce
913,40,M,2025-10-27,Bronce
914,32,M,2024-08-03,Plata
915,28,M,2025-05-18,Bronce
916,35,M,2025-06-01,Bronce
917,40,F,2025-04-03,Plata
918,19,M,2024-10-30,Plata
919,25,M,2024-03-01,Bronce
920,18,M,2023-08-07,Plata
921,56,F,2024-06-15,Oro
922,60,M,2025-05-31,Bronce
923,33,M,2023-11-13,Plata
924,62,M,2023-08-29,Bronce
925,51,F,2025-01-31,Plata
926,62,F,2025-06-21,Oro
927,37,M,2023-09-12,Plata
928,49,M,2025-11-01,Bronce
929,62,M,2026-01-21,Plata
930,23,M,2026-04-20,Bronce
931,55,F,2023-08-11,Plata
932,64,F,2024-01-10,Oro
933,59,M,2024-01-06,Bronce
934,34,F,2025-10-10,Plata
935,57,M,2024-09-02,Plata
936,56,F,2023-09-29,Bronce
937,52,F,2024-06-08,Plata
938,21,M,2023-11-20,Bronce
939,67,F,2025-10-02,Bronce
940,41,M,2025-02-24,Plata
941,49,M,2025-12-16,Plata
942,74,M,2025-12-01,Oro
943,71,M,2026-01-04,Bronce
944,74,F,2024-05-04,Oro
945,60,F,2025-08-08,Oro
946,21,F,2024-12-30,Oro
947,52,F,2025-04-18,Bronce
948,72,F,2025-04-06,Bronce
949,48,M,2024-08-23,Bronce
950,68,F,2025-11-19,Bronce
951,37,M,2025-03-16,Plata
952,36,F,2024-09-05,Bronce
953,21,F,2025-10-19,Bronce
954,21,M,2026-01-08,Bronce
955,70,F,2023-08-21,Bronce
956,63,F,2025-12-22,Bronce
957,19,F,2023-10-21,Plata
958,45,M,2024-04-06,Plata
959,26,M,2026-01-15,Bronce
960,45,M,2024-04-11,Oro
961,46,M,2024-07-04,Oro
962,39,M,2026-03-10,Bronce
963,70,F,2023-09-23,Plata
964,24,M,2024-01-18,Oro
965,70,F,2024-05-26,Plata
966,18,F,2024-02-14,Bronce
967,66,F,2025-09-23,Bronce
968,46,M,2023-09-13,Oro
969,55,F,2024-01-18,Bronce
970,52,F,2023-05-24,Plata
971,51,M,2025-02-12,Bronce
972,39,M,2025-04-18,Plata
973,46,F,2026-04-24,Plata
974,21,M,2025-11-27,Plata
975,17,M,2025-05-18,Bronce
976,35,M,2024-08-14,Plata
977,43,M,2023-07-09,Oro
978,26,F,2024-05-13,Bronce
979,19,M,2024-08-09,Oro
980,30,F,2024-08-01,Bronce
981,21,F,2026-05-16,Bronce
982,69,F,2025-04-24,Plata
983,64,F,2023-09-07,Plata
984,45,F,2026-04-21,Oro
985,71,M,2024-05-16,Plata
986,53,F,2024-07-03,Plata
987,66,F,2026-01-14,Plata
988,72,F,2025-11-21,Bronce
989,17,F,2026-03-12,Plata
990,30,M,2024-03-22,Plata
991,26,M,2025-03-10,Bronce
992,23,F,2023-11-14,Plata
993,41,M,2025-09-11,Plata
994,66,F,2024-05-03,Plata
995,60,M,2026-02-19,Bronce
996,59,M,2024-01-06,Oro
997,20,M,2024-07-05,Bronce
998,21,M,2023-12-26,Plata
999,41,F,2023-09-07,Plata
1000,69,M,2023-08-20,Plata
1001,19,Otro,2024-02-01,Plata
1002,34,F,2024-09-08,Bronce
1003,35,M,2025-11-29,Plata
1004,48,F,2025-10-20,Plata
1005,35,F,2024-08-10,Oro
1006,64,F,2025-04-01,Bronce
1007,27,M,2023-11-29,Bronce
1008,62,F,2025-05-17,Plata
1009,16,F,2026-04-23,Bronce
1010,41,M,2024-09-03,Plata
1011,29,M,2026-05-10,Plata
1012,53,F,2025-02-03,Bronce
1013,52,M,2024-07-15,Bronce
1014,26,F,2025-07-05,Bronce
1015,51,M,2025-09-04,Bronce
1016,28,F,2025-06-25,Plata
1017,58,F,2025-03-30,Bronce
1018,18,M,2023-09-21,Oro
1019,48,M,2025-12-04,Bronce
1020,21,F,2023-07-20,Oro
1021,65,F,2025-03-21,Plata
1022,71,F,2024-10-01,Bronce
1023,25,M,2025-12-12,Bronce
1024,20,M,2024-06-11,Oro
1025,38,M,2023-06-29,Plata
1026,25,F,2023-10-08,Bronce
1027,59,M,2024-05-09,Plata
1028,17,M,2026-04-01,Plata
1029,28,F,2025-10-29,Oro
1030,55,F,2025-11-17,Plata
1031,17,M,2023-06-21,Bronce
1032,35,M,2026-03-29,Plata
1033,16,F,2024-07-11,Bronce
1034,52,F,2025-10-31,Bronce
1035,24,M,2023-07-21,Bronce
1036,32,F,2024-02-16,Bronce
1037,24,F,2025-05-19,Plata
1038,26,M,2025-08-03,Plata
1039,30,M,2026-02-25,Plata
1040,39,F,2025-04-05,Bronce
1041,53,F,2024-07-25,Plata
1042,70,M,2024-02-25,Bronce
1043,50,F,2025-11-14,Bronce
1044,45,F,2025-03-27,Plata
1045,46,M,2026-01-30,Plata
1046,64,F,2025-06-21,Plata
1047,20,F,2023-10-08,Bronce
1048,75,M,2025-05-19,Plata
1049,59,M,2024-11-10,Oro
1050,65,M,2025-02-12,Plata
1051,29,F,2024-10-18,Plata
1052,68,Otro,2024-09-29,Oro
1053,71,M,2026-03-26,Bronce
1054,26,F,2023-10-29,Bronce
1055,24,F,2024-01-24,Bronce
1056,49,F,2024-10-13,Bronce
1057,27,M,2025-02-17,Plata
1058,50,M,2026-05-01,Plata
1059,50,M,2025-06-27,Plata
1060,16,F,2024-08-09,Bronce
1061,55,M,2026-03-14,Plata
1062,37,F,2025-01-31,Bronce
1063,75,M,2025-09-20,Bronce
1064,44,M,2023-07-16,Bronce
1065,23,F,2025-04-25,Bronce
1066,26,F,2023-10-03,Plata
1067,56,M,2024-09-19,Bronce
1068,52,M,2024-06-15,Bronce
1069,29,Otro,2024-10-03,Plata
1070,75,M,2023-11-16,Plata
1071,45,M,2025-02-05,Oro
1072,50,F,2025-07-27,Plata
1073,36,M,2023-05-21,Plata
1074,52,M,2026-03-06,Plata
1075,20,M,2025-09-08,Bronce
1076,34,M,2025-05-06,Plata
1077,74,M,2025-02-19,Bronce
1078,29,M,2023-08-12,Plata
1079,41,M,2024-03-06,Plata
1080,19,M,2025-08-02,Oro
1081,40,F,2024-12-02,Oro
1082,60,M,2026-01-11,Bronce
1083,57,M,2025-07-02,Plata
1084,40,F,2026-01-15,Oro
1085,33,F,2025-04-05,Plata
1086,55,M,2023-08-08,Oro
1087,23,F,2024-03-31,Plata
1088,54,M,2024-07-07,Plata
1089,55,M,2025-09-19,Plata
1090,29,F,2023-12-09,Plata
1091,47,F,2024-08-09,Plata
1092,66,M,2025-03-30,Bronce
1093,53,M,2026-05-08,Oro
1094,48,F,2025-06-10,Bronce
1095,38,M,2023-11-24,Plata
1096,30,F,2023-07-03,Oro
1097,48,M,2026-01-22,Bronce
1098,40,F,2025-12-20,Plata
1099,32,F,2024-05-25,Bronce
1100,48,F,2024-01-21,Plata
1101,62,F,2024-09-13,Bronce
1102,70,F,2025-09-21,Plata
1103,17,M,2023-06-10,Bronce
1104,29,M,2025-09-23,Plata
1105,68,M,2025-02-11,Plata
1106,55,F,2023-10-11,Bronce
1107,55,F,2024-05-03,Plata
1108,66,M,2023-11-12,Bronce
1109,54,M,2025-05-05,Plata
1110,66,M,2023-11-18,Bronce
1111,21,F,2026-02-19,Bronce
1112,21,M,2024-01-14,Plata
1113,18,F,2025-07-02,Bronce
1114,22,Otro,2024-08-15,Plata
1115,66,M,2025-07-18,Plata
1116,23,M,2026-05-19,Plata
1117,57,M,2024-07-17,Bronce
1118,67,M,2025-02-23,Bronce
1119,30,M,2025-06-07,Plata
1120,62,M,2025-05-22,Bronce
1121,44,F,2024-06-01,Oro
1122,48,M,2025-04-28,Oro
1123,67,F,2025-09-22,Plata
1124,45,F,2023-12-30,Bronce
1125,54,F,2025-01-04,Oro
1126,42,M,2024-03-11,Bronce
1127,51,F,2025-12-06,Bronce
1128,44,M,2025-07-17,Plata
1129,53,F,2023-12-18,Oro
1130,72,F,2023-09-05,Bronce
1131,48,F,2024-07-22,Plata
1132,52,M,2025-02-22,Bronce
1133,42,F,2024-10-28,Plata
1134,70,M,2025-07-16,Plata
1135,48,M,2024-07-08,Bronce
1136,19,M,2023-05-23,Plata
1137,37,M,2024-08-01,Plata
1138,17,M,2024-08-25,Bronce
1139,25,F,2025-11-16,Bronce
1140,20,F,2025-11-05,Bronce
1141,74,M,2026-03-10,Bronce
1142,25,M,2025-06-18,Bronce
1143,48,M,2024-01-05,Plata
1144,69,M,2025-04-12,Bronce
1145,53,M,2025-09-02,Bronce
1146,28,F,2025-06-10,Bronce
1147,46,M,2024-11-06,Bronce
1148,62,M,2024-10-17,Bronce
1149,51,M,2025-09-23,Plata
1150,60,F,2025-09-10,Bronce
1151,39,F,2024-12-25,Bronce
1152,67,F,2025-04-26,Plata
1153,71,F,2024-09-30,Bronce
1154,30,M,2024-03-08,Oro
1155,44,M,2026-05-07,Plata
1156,23,F,2024-05-24,Plata
1157,20,M,2025-10-24,Bronce
1158,44,F,2025-01-03,Plata
1159,62,M,2024-05-16,Bronce
1160,19,M,2025-02-16,Bronce
1161,27,F,2023-07-26,Plata
1162,60,F,2024-09-25,Bronce
1163,17,F,2025-05-23,Bronce
1164,42,M,2026-05-19,Bronce
1165,46,F,2025-01-01,Oro
1166,66,M,2025-01-08,Bronce
1167,66,M,2026-03-16,Bronce
1168,51,M,2026-02-25,Bronce
1169,51,M,2024-01-11,Plata
1170,41,M,2025-06-27,Bronce
1171,58,M,2023-07-16,Oro
1172,42,M,2023-12-02,Bronce
1173,20,M,2025-07-08,Plata
1174,35,M,2025-11-21,Bronce
1175,26,M,2024-10-16,Oro
1176,25,M,2023-10-22,Bronce
1177,55,F,2025-04-02,Bronce
1178,53,M,2023-10-21,Bronce
1179,21,M,2025-08-14,Bronce
1180,23,M,2025-04-28,Plata
1181,38,F,2023-06-12,Bronce
1182,62,F,2023-12-29,Plata
1183,41,F,2025-02-14,Plata
1184,61,F,2026-03-02,Bronce
1185,58,F,2024-01-14,Bronce
1186,27,F,2023-09-13,Bronce
1187,41,F,2025-05-18,Bronce
1188,28,M,2024-07-04,Oro
1189,55,M,2024-10-26,Oro
1190,33,M,2026-01-12,Oro
1191,40,F,2026-04-30,Plata
1192,48,F,2025-01-26,Bronce
1193,62,F,2026-02-22,Bronce
1194,55,M,2023-09-21,Plata
1195,75,M,2024-10-11,Oro
1196,58,M,2026-04-01,Plata
1197,27,M,2025-08-25,Plata
1198,59,F,2024-12-30,Bronce
1199,51,F,2024-09-22,Plata
1200,63,M,2026-01-17,Bronce
1201,19,F,2025-06-16,Plata
1202,20,M,2025-09-06,Bronce
1203,71,Otro,2023-07-14,Bronce
1204,52,M,2026-01-03,Bronce
1205,23,M,2023-09-03,Bronce
1206,57,M,2024-05-18,Plata
1207,64,M,2026-01-24,Plata
1208,43,M,2026-04-17,Bronce
1209,46,F,2024-08-08,Plata
1210,73,F,2024-05-07,Bronce
1211,24,F,2023-10-07,Plata
1212,69,M,2025-03-24,Bronce
1213,66,F,2023-10-19,Bronce
1214,44,M,2026-01-28,Oro
1215,29,M,2026-05-17,Bronce
1216,55,F,2023-10-23,Oro
1217,56,F,2025-04-08,Plata
1218,37,M,2024-02-02,Bronce
1219,26,M,2026-05-02,Oro
1220,38,Otro,2024-08-27,Plata
1221,16,M,2023-07-03,Oro
1222,61,M,2023-07-30,Bronce
1223,52,F,2024-10-04,Bronce
1224,36,M,2023-08-15,Bronce
1225,41,M,2024-08-17,Bronce
1226,61,M,2024-11-26,Bronce
1227,51,F,2024-12-22,Bronce
1228,69,F,2025-03-19,Bronce
1229,38,F,2024-01-01,Bronce
1230,72,Otro,2024-06-02,Bronce
1231,16,F,2025-08-22,Plata
1232,69,M,2025-02-18,Plata
1233,70,M,2025-10-15,Plata
1234,66,F,2026-04-13,Plata
1235,55,F,2024-02-23,Bronce
1236,30,F,2024-02-08,Bronce
1237,36,F,2024-02-15,Bronce
1238,62,M,2023-09-19,Bronce
1239,24,M,2025-12-21,Plata
1240,68,M,2025-01-03,Bronce
1241,24,M,2026-01-06,Plata
1242,25,M,2026-04-15,Bronce
1243,67,F,2024-05-28,Plata
1244,72,F,2025-07-01,Plata
1245,68,M,2025-11-10,Bronce
1246,41,M,2023-12-28,Plata
1247,56,F,2024-05-14,Bronce
1248,50,M,2025-05-05,Bronce
1249,67,F,2026-02-03,Plata
1250,40,F,2024-06-17,Plata
1251,41,F,2025-05-02,Oro
1252,26,F,2024-06-19,Bronce
1253,53,F,2026-03-20,Bronce
1254,17,M,2023-06-03,Bronce
1255,22,M,2025-05-11,Plata
1256,33,M,2024-08-08,Plata
1257,42,Otro,2026-04-06,Plata
1258,49,M,2025-09-15,Bronce
1259,42,M,2024-01-20,Bronce
1260,32,F,2023-09-11,Plata
1261,58,F,2025-04-05,Bronce
1262,74,F,2024-11-06,Bronce
1263,59,M,2025-11-17,Bronce
1264,74,M,2024-08-26,Oro
1265,66,M,2026-02-05,Bronce
1266,69,M,2025-03-09,Bronce
1267,39,M,2026-04-26,Plata
1268,40,M,2024-06-11,Plata
1269,22,F,2025-04-28,Bronce
1270,67,M,2024-08-31,Oro
1271,21,F,2024-03-24,Bronce
1272,68,F,2025-01-06,Bronce
1273,39,M,2025-06-08,Oro
1274,48,F,2023-11-01,Plata
1275,64,M,2024-05-22,Bronce
1276,44,M,2025-01-01,Oro
1277,58,F,2025-10-24,Bronce
1278,37,M,2024-11-27,Plata
1279,41,Otro,2025-10-28,Bronce
1280,43,M,2024-08-21,Bronce
1281,65,F,2026-05-10,Plata
1282,36,M,2024-08-20,Bronce
1283,64,M,2023-06-23,Bronce
1284,22,M,2026-03-07,Bronce
1285,32,F,2025-01-23,Bronce
1286,35,F,2024-07-19,Plata
1287,56,F,2023-06-01,Bronce
1288,64,F,2025-10-15,Plata
1289,35,F,2026-04-19,Bronce
1290,69,F,2023-08-04,Plata
1291,37,F,2025-12-17,Plata
1292,43,F,2025-06-29,Plata
1293,55,F,2024-08-06,Plata
1294,64,F,2024-05-11,Bronce
1295,22,M,2025-12-18,Bronce
1296,16,F,2024-11-17,Bronce
1297,47,F,2024-04-24,Oro
1298,28,M,2026-02-01,Bronce
1299,45,M,2024-03-10,Plata
1300,38,M,2026-01-08,Bronce
1301,66,F,2024-06-12,Plata
1302,74,F,2026-04-06,Oro
1303,71,M,2026-03-09,Oro
1304,34,F,2026-04-11,Plata
1305,47,F,2023-12-18,Bronce
1306,45,M,2026-01-19,Bronce
1307,44,F,2023-10-17,Plata
1308,64,Otro,2026-01-18,Bronce
1309,60,F,2026-02-17,Bronce
1310,44,F,2023-07-20,Plata
1311,45,Otro,2024-09-10,Bronce
1312,31,F,2025-04-03,Bronce
1313,55,M,2023-07-10,Plata
1314,34,F,2025-11-05,Bronce
1315,33,F,2024-12-06,Oro
1316,16,F,2023-12-10,Bronce
1317,29,M,2023-10-07,Bronce
1318,66,F,2024-08-20,Bronce
1319,62,M,2024-10-08,Plata
1320,65,F,2025-02-23,Plata
1321,17,M,2024-02-16,Plata
1322,69,M,2024-03-26,Bronce
1323,43,M,2023-12-11,Bronce
1324,64,M,2025-09-03,Plata
1325,65,F,2024-12-08,Bronce
1326,45,F,2025-08-21,Bronce
1327,53,F,2025-07-07,Oro
1328,66,M,2024-07-16,Oro
1329,19,M,2024-01-30,Bronce
1330,16,F,2024-06-22,Bronce
1331,23,F,2025-06-06,Oro
1332,44,M,2024-08-20,Plata
1333,70,F,2024-10-27,Plata
1334,54,M,2023-11-14,Plata
1335,18,F,2025-05-16,Bronce
1336,47,F,2023-09-13,Oro
1337,25,M,2023-12-24,Oro
1338,25,M,2024-05-04,Bronce
1339,34,F,2026-04-04,Plata
1340,61,M,2026-04-01,Bronce
1341,49,M,2025-01-26,Plata
1342,75,F,2025-10-01,Plata
1343,48,M,2024-12-08,Bronce
1344,38,M,2023-10-07,Bronce
1345,70,F,2025-01-21,Plata
1346,43,F,2023-06-10,Bronce
1347,47,F,2024-07-03,Bronce
1348,65,F,2025-08-30,Bronce
1349,22,F,2023-11-27,Bronce
1350,44,F,2025-04-25,Plata
1351,23,M,2024-12-12,Plata
1352,16,F,2026-03-30,Plata
1353,72,Otro,2026-03-29,Plata
1354,70,M,2024-06-30,Bronce
1355,18,M,2025-11-13,Plata
1356,39,F,2024-12-31,Bronce
1357,38,M,2026-02-04,Plata
1358,74,M,2024-12-17,Bronce
1359,23,F,2023-11-04,Plata
1360,69,Otro,2026-04-02,Bronce
1361,72,M,2024-05-17,Oro
1362,62,M,2025-05-21,Plata
1363,52,M,2023-06-27,Plata
1364,18,F,2026-01-06,Plata
1365,66,M,2025-10-08,Bronce
1366,48,M,2024-10-10,Bronce
1367,43,M,2025-12-22,Bronce
1368,62,M,2024-04-27,Plata
1369,23,F,2026-02-19,Bronce
1370,49,F,2023-08-26,Plata
1371,50,F,2026-01-31,Bronce
1372,47,F,2025-05-10,Plata
1373,39,M,2026-05-13,Bronce
1374,29,F,2024-08-31,Bronce
1375,47,F,2026-02-21,Plata
1376,71,M,2025-02-12,Bronce
1377,61,F,2023-11-17,Oro
1378,58,M,2023-12-23,Plata
1379,31,F,2023-07-29,Bronce
1380,19,M,2023-07-16,Bronce
1381,67,Otro,2024-09-03,Bronce
1382,52,M,2025-06-23,Plata
1383,69,F,2023-11-16,Plata
1384,36,F,2023-10-17,Plata
1385,29,F,2024-05-18,Bronce
1386,46,M,2025-09-01,Oro
1387,70,F,2023-12-16,Oro
1388,63,F,2025-01-12,Bronce
1389,33,M,2025-04-23,Plata
1390,22,M,2024-12-16,Bronce
1391,25,F,2026-03-26,Plata
1392,22,F,2026-05-05,Bronce
1393,48,M,2025-09-05,Plata
1394,38,M,2025-03-01,Plata
1395,36,M,2025-11-17,Bronce
1396,34,F,2024-01-15,Plata
1397,63,F,2025-02-22,Bronce
1398,34,F,2026-03-02,Bronce
1399,51,Otro,2023-10-20,Bronce
1400,44,M,2025-06-18,Bronce
1401,75,M,2025-12-31,Plata
1402,33,M,2025-02-11,Plata
1403,17,M,2024-07-27,Oro
1404,16,F,2023-07-09,Bronce
1405,62,F,2026-04-26,Oro
1406,20,M,2024-12-15,Plata
1407,35,M,2024-04-21,Bronce
1408,26,F,2025-04-07,Oro
1409,57,F,2025-04-09,Bronce
1410,17,M,2024-05-20,Bronce
1411,18,Otro,2024-12-03,Plata
1412,38,F,2023-10-21,Oro
1413,70,M,2026-04-19,Bronce
1414,27,F,2024-12-10,Oro
1415,35,M,2025-09-11,Oro
1416,20,F,2026-02-14,Plata
1417,52,Otro,2024-11-27,Oro
1418,53,F,2023-08-22,Plata
1419,45,F,2025-01-27,Bronce
1420,24,M,2024-07-21,Plata
1421,49,F,2024-03-09,Bronce
1422,68,F,2023-11-25,Bronce
1423,59,F,2025-04-25,Oro
1424,50,F,2023-10-09,Plata
1425,67,Otro,2026-03-14,Bronce
1426,73,F,2024-04-13,Plata
1427,37,M,2026-02-09,Plata
1428,59,Otro,2026-02-06,Plata
1429,39,F,2025-12-02,Oro
1430,32,F,2023-06-22,Bronce
1431,25,F,2023-08-06,Bronce
1432,45,M,2024-10-19,Plata
1433,71,M,2024-06-01,Bronce
1434,74,F,2023-12-01,Oro
1435,61,F,2025-10-13,Oro
1436,38,M,2024-04-02,Plata
1437,47,F,2023-09-03,Oro
1438,32,M,2025-09-26,Plata
1439,65,F,2024-04-05,Bronce
1440,66,M,2025-11-15,Plata
1441,32,M,2024-04-19,Bronce
1442,29,M,2024-05-15,Oro
1443,24,M,2024-10-11,Oro
1444,55,F,2024-01-04,Plata
1445,17,M,2025-11-30,Bronce
1446,60,M,2023-05-24,Oro
1447,40,F,2024-07-23,Plata
1448,54,F,2023-12-30,Plata
1449,24,M,2023-12-07,Bronce
1450,69,Otro,2025-09-05,Plata
1451,37,M,2024-06-12,Plata
1452,58,F,2024-02-15,Plata
1453,61,F,2023-11-06,Bronce
1454,19,M,2026-03-11,Plata
1455,41,M,2023-06-29,Bronce
1456,73,M,2023-12-10,Bronce
1457,44,M,2023-06-12,Plata
1458,60,F,2024-11-26,Bronce
1459,49,M,2024-05-23,Bronce
1460,38,M,2025-11-19,Plata
1461,52,M,2024-10-03,Bronce
1462,26,M,2023-06-13,Oro
1463,21,F,2024-02-14,Bronce
1464,33,M,2024-07-05,Plata
1465,36,F,2023-08-09,Plata
1466,57,M,2023-12-02,Bronce
1467,51,M,2025-03-03,Plata
1468,56,F,2025-08-14,Bronce
1469,53,M,2023-11-12,Bronce
1470,49,F,2023-08-26,Bronce
1471,32,F,2025-05-28,Plata
1472,52,M,2025-04-15,Plata
1473,40,M,2024-12-02,Bronce
1474,53,M,2025-07-25,Plata
1475,73,M,2025-11-27,Oro
1476,27,M,2023-11-05,Plata
1477,38,M,2025-04-21,Bronce
1478,68,M,2025-07-10,Oro
1479,57,F,2024-04-28,Oro
1480,37,F,2025-12-30,Plata
1481,36,F,2023-07-26,Oro
1482,42,M,2026-03-08,Oro
1483,72,M,2025-08-07,Plata
1484,46,F,2024-08-30,Bronce
1485,21,F,2025-04-30,Bronce
1486,42,F,2026-02-12,Plata
1487,55,M,2023-07-07,Plata
1488,49,F,2023-08-22,Bronce
1489,27,F,2025-06-02,Oro
1490,60,M,2025-02-01,Oro
1491,72,M,2025-03-12,Plata
1492,68,F,2026-04-19,Bronce
1493,22,M,2023-11-03,Bronce
1494,25,M,2025-06-19,Plata
1495,60,F,2025-04-08,Plata
1496,32,F,2023-09-11,Plata
1497,41,M,2023-09-22,Plata
1498,36,M,2024-10-01,Bronce
1499,43,M,2025-12-19,Plata
1500,73,F,2024-01-05,Oro
1501,61,M,2023-08-30,Oro
1502,17,Otro,2023-12-02,Oro
1503,75,M,2024-07-20,Oro
1504,69,M,2026-01-13,Bronce
1505,58,F,2026-01-27,Bronce
1506,16,F,2025-11-14,Plata
1507,66,M,2025-09-17,Plata
1508,68,M,2024-10-06,Oro
1509,51,Otro,2024-12-31,Bronce
1510,66,M,2025-12-03,Plata
1511,41,F,2025-08-21,Bronce
1512,44,M,2024-08-20,Plata
1513,36,F,2025-04-23,Bronce
1514,26,F,2025-07-13,Oro
1515,55,M,2025-12-15,Oro
1516,26,F,2025-03-18,Bronce
1517,51,M,2023-10-21,Plata
1518,64,M,2026-05-14,Plata
1519,74,F,2023-11-13,Plata
1520,54,M,2026-03-02,Oro
1521,55,F,2026-02-24,Plata
1522,50,M,2025-09-22,Bronce
1523,69,M,2024-04-18,Bronce
1524,49,M,2025-03-18,Plata
1525,70,M,2025-04-20,Plata
1526,62,M,2024-05-08,Bronce
1527,39,F,2025-02-20,Plata
1528,69,F,2024-10-27,Oro
1529,37,F,2025-04-23,Plata
1530,20,M,2025-01-28,Bronce
1531,71,M,2025-02-24,Bronce
1532,48,M,2023-10-14,Plata
1533,73,M,2024-09-16,Bronce
1534,51,F,2025-03-12,Plata
1535,62,M,2024-09-16,Bronce
1536,35,M,2026-03-18,Bronce
1537,34,F,2024-06-18,Bronce
1538,50,M,2024-12-21,Oro
1539,67,M,2024-01-12,Bronce
1540,58,M,2026-04-20,Plata
1541,32,M,2025-05-25,Bronce
1542,74,F,2023-09-01,Plata
1543,60,M,2023-10-08,Bronce
1544,58,M,2023-09-29,Oro
1545,49,M,2023-10-11,Plata
1546,24,M,2025-03-20,Bronce
1547,41,M,2023-10-17,Bronce
1548,17,F,2024-12-18,Plata
1549,68,F,2023-12-08,Oro
1550,24,F,2025-09-30,Oro
1551,24,M,2023-08-21,Plata
1552,55,F,2025-11-16,Bronce
1553,32,F,2025-10-08,Plata
1554,16,M,2025-10-08,Oro
1555,40,F,2024-10-13,Bronce
1556,58,M,2026-03-25,Oro
1557,55,M,2023-11-25,Bronce
1558,57,F,2025-02-16,Bronce
1559,40,M,2024-11-19,Bronce
1560,54,F,2026-03-18,Oro
1561,50,M,2025-03-07,Oro
1562,18,F,2023-08-07,Plata
1563,65,F,2024-08-08,Oro
1564,52,F,2025-12-07,Bronce
1565,59,M,2024-09-16,Oro
1566,59,M,2024-11-16,Plata
1567,66,M,2023-10-27,Bronce
1568,45,M,2025-11-02,Plata
1569,53,M,2025-07-16,Plata
1570,49,F,2024-04-14,Plata
1571,27,F,2024-01-15,Bronce
1572,34,Otro,2026-03-05,Bronce
1573,52,M,2025-06-07,Plata
1574,59,M,2024-05-02,Plata
1575,74,M,2023-11-04,Bronce
1576,74,F,2024-11-13,Plata
1577,64,F,2025-09-30,Bronce
1578,32,F,2024-12-10,Bronce
1579,25,F,2023-11-14,Bronce
1580,72,F,2024-07-25,Bronce
1581,70,M,2025-10-27,Bronce
1582,64,M,2024-05-05,Bronce
1583,62,F,2025-03-16,Plata
1584,27,M,2025-10-07,Oro
1585,31,M,2026-01-09,Bronce
1586,39,F,2025-12-28,Plata
1587,34,Otro,2026-04-02,Bronce
1588,23,F,2026-02-11,Bronce
1589,46,F,2025-09-30,Bronce
1590,36,F,2023-06-29,Bronce
1591,32,M,2025-12-21,Oro
1592,38,M,2026-03-06,Plata
1593,52,F,2026-05-01,Bronce
1594,69,F,2024-07-08,Oro
1595,31,M,2023-07-03,Oro
1596,21,F,2024-02-24,Plata
1597,23,M,2024-07-17,Bronce
1598,40,M,2026-05-15,Plata
1599,33,F,2024-09-10,Plata
1600,40,M,2024-10-28,Oro
1601,27,M,2024-11-15,Bronce
1602,30,M,2023-05-29,Bronce
1603,74,F,2024-02-25,Plata
1604,41,M,2023-12-28,Plata
1605,56,F,2025-10-15,Bronce
1606,60,F,2026-03-06,Bronce
1607,41,M,2025-01-31,Oro
1608,62,Otro,2023-09-05,Bronce
1609,47,M,2023-12-26,Plata
1610,25,Otro,2026-01-27,Plata
1611,31,F,2023-07-06,Bronce
1612,22,Otro,2023-10-09,Bronce
1613,32,M,2025-08-21,Plata
1614,38,F,2024-04-18,Oro
1615,41,M,2024-12-24,Bronce
1616,36,M,2025-03-02,Plata
1617,37,F,2025-04-23,Plata
1618,73,M,2024-10-30,Bronce
1619,22,F,2024-01-19,Bronce
1620,29,M,2024-12-14,Bronce
1621,30,M,2024-09-15,Oro
1622,68,F,2024-10-04,Oro
1623,22,M,2025-10-17,Plata
1624,24,F,2025-12-01,Plata
1625,66,F,2023-09-28,Bronce
1626,63,F,2023-08-09,Oro
1627,23,M,2024-01-16,Bronce
1628,65,F,2024-01-19,Bronce
1629,74,Otro,2026-01-03,Bronce
1630,38,F,2023-08-05,Oro
1631,44,F,2026-03-31,Oro
1632,33,F,2023-09-23,Bronce
1633,46,F,2024-07-15,Oro
1634,45,F,2025-04-07,Bronce
1635,67,M,2026-03-13,Bronce
1636,54,M,2025-03-08,Plata
1637,50,F,2025-06-12,Plata
1638,33,M,2025-12-18,Bronce
1639,74,F,2025-04-05,Plata
1640,57,M,2025-02-21,Bronce
1641,54,F,2024-07-17,Plata
1642,32,M,2024-04-18,Bronce
1643,29,M,2025-07-23,Bronce
1644,46,F,2023-11-12,Plata
1645,39,F,2024-11-06,Bronce
1646,50,F,2025-03-17,Bronce
1647,59,M,2023-11-08,Oro
1648,75,F,2024-08-02,Bronce
1649,60,F,2026-04-07,Bronce
1650,49,F,2026-04-07,Bronce
1651,18,M,2025-11-26,Oro
1652,52,F,2025-06-13,Oro
1653,58,F,2025-08-15,Bronce
1654,55,Otro,2026-03-21,Oro
1655,41,M,2024-09-10,Plata
1656,70,F,2023-07-29,Bronce
1657,38,F,2024-04-26,Plata
1658,59,M,2025-01-23,Plata
1659,54,M,2025-12-06,Plata
1660,30,M,2023-08-13,Bronce
1661,71,M,2023-05-31,Oro
1662,64,M,2024-04-01,Oro
1663,19,F,2024-08-30,Bronce
1664,44,F,2024-04-12,Oro
1665,37,F,2023-12-19,Plata
1666,40,F,2024-06-19,Plata
1667,28,M,2024-08-11,Bronce
1668,33,M,2024-10-10,Bronce
1669,48,F,2023-11-22,Plata
1670,31,M,2023-06-01,Plata
1671,60,M,2025-06-30,Plata
1672,57,M,2025-03-18,Bronce
1673,59,M,2024-02-16,Bronce
1674,17,F,2023-12-06,Oro
1675,70,M,2024-12-30,Oro
1676,50,M,2025-08-24,Plata
1677,57,M,2026-05-17,Bronce
1678,49,F,2024-05-11,Oro
1679,45,M,2025-07-05,Plata
1680,74,F,2025-10-03,Plata
1681,70,M,2026-03-22,Plata
1682,28,M,2024-11-20,Bronce
1683,28,F,2023-09-08,Plata
1684,33,M,2025-01-25,Bronce
1685,47,M,2023-07-24,Oro
1686,47,M,2025-03-27,Plata
1687,50,F,2023-06-18,Bronce
1688,74,M,2025-05-03,Oro
1689,54,F,2023-09-17,Plata
1690,61,M,2024-09-17,Plata
1691,67,M,2025-10-30,Plata
1692,44,M,2025-03-16,Bronce
1693,64,F,2025-10-26,Bronce
1694,44,M,2025-02-06,Oro
1695,68,M,2026-02-07,Plata
1696,59,M,2025-02-26,Bronce
1697,72,M,2024-08-11,Bronce
1698,31,M,2023-11-14,Oro
1699,71,F,2025-02-07,Plata
1700,59,M,2023-06-21,Bronce
1701,62,M,2024-10-05,Bronce
1702,72,F,2024-02-10,Bronce
1703,25,M,2026-01-04,Bronce
1704,45,M,2025-05-03,Plata
1705,40,M,2026-04-25,Bronce
1706,54,F,2024-12-02,Bronce
1707,35,M,2023-10-03,Plata
1708,20,F,2025-03-28,Bronce
1709,16,M,2023-10-31,Plata
1710,45,F,2024-05-31,Bronce
1711,64,M,2025-03-26,Oro
1712,18,F,2025-11-19,Oro
1713,60,F,2025-01-31,Bronce
1714,29,F,2025-08-10,Bronce
1715,71,M,2023-09-19,Plata
1716,45,M,2025-01-23,Plata
1717,65,M,2024-09-12,Bronce
1718,19,M,2024-10-28,Oro
1719,33,M,2024-04-28,Oro
1720,52,F,2024-10-18,Plata
1721,40,M,2024-02-05,Plata
1722,63,M,2023-09-15,Bronce
1723,16,F,2025-07-21,Bronce
1724,68,F,2026-01-27,Plata
1725,61,M,2023-11-13,Plata
1726,30,F,2025-08-21,Plata
1727,24,M,2025-07-20,Oro
1728,30,F,2024-03-16,Plata
1729,64,F,2024-11-12,Plata
1730,72,F,2024-11-15,Plata
1731,39,F,2026-02-15,Bronce
1732,19,M,2024-01-04,Bronce
1733,27,M,2024-05-21,Bronce
1734,74,F,2023-10-26,Bronce
1735,73,M,2024-01-02,Bronce
1736,52,F,2024-06-20,Plata
1737,52,M,2024-03-21,Plata
1738,58,M,2024-02-13,Oro
1739,75,M,2025-12-10,Bronce
1740,21,M,2024-01-12,Plata
1741,54,F,2026-03-03,Bronce
1742,71,F,2023-09-14,Plata
1743,61,F,2024-02-19,Bronce
1744,39,F,2026-01-19,Bronce
1745,26,F,2025-06-25,Bronce
1746,28,F,2025-05-09,Plata
1747,49,M,2025-10-11,Bronce
1748,40,F,2025-11-05,Plata
1749,22,M,2025-04-16,Plata
1750,67,M,2026-04-12,Plata
1751,19,F,2025-10-12,Plata
1752,74,M,2026-02-11,Plata
1753,23,M,2026-01-30,Plata
1754,35,M,2026-01-14,Plata
1755,44,M,2024-10-03,Bronce
1756,69,F,2026-01-18,Plata
1757,68,M,2024-09-22,Plata
1758,66,M,2024-01-09,Bronce
1759,60,M,2025-04-02,Plata
1760,61,M,2023-09-03,Bronce
1761,25,F,2025-05-17,Plata
1762,58,M,2025-04-05,Plata
1763,49,F,2026-01-24,Bronce
1764,72,F,2024-09-01,Bronce
1765,41,F,2024-07-19,Bronce
1766,56,F,2025-11-23,Oro
1767,64,F,2023-08-15,Bronce
1768,73,M,2024-11-16,Bronce
1769,18,M,2025-07-16,Bronce
1770,71,M,2023-09-12,Plata
1771,21,F,2024-09-13,Bronce
1772,20,M,2025-05-06,Bronce
1773,20,M,2025-04-21,Plata
1774,69,M,2023-07-17,Bronce
1775,62,M,2023-08-16,Oro
1776,38,M,2024-12-12,Oro
1777,64,Otro,2024-08-07,Bronce
1778,24,M,2023-09-16,Bronce
1779,50,F,2026-02-14,Bronce
1780,35,F,2023-10-07,Bronce
1781,73,M,2025-12-30,Bronce
1782,64,M,2025-11-27,Plata
1783,74,M,2025-07-15,Oro
1784,57,M,2025-01-06,Bronce
1785,50,F,2025-05-07,Oro
1786,65,M,2025-11-06,Bronce
1787,33,M,2025-09-27,Oro
1788,32,F,2023-07-22,Bronce
1789,39,F,2025-04-17,Oro
1790,18,F,2025-10-24,Oro
1791,47,F,2026-02-25,Bronce
1792,50,F,2024-03-07,Bronce
1793,53,M,2024-09-30,Bronce
1794,28,F,2025-12-14,Bronce
1795,71,M,2025-05-27,Bronce
1796,62,F,2025-07-06,Plata
1797,40,F,2024-01-09,Plata
1798,24,M,2023-08-24,Plata
1799,19,F,2025-04-18,Bronce
1800,29,F,2023-10-27,Bronce
1801,52,M,2024-11-03,Bronce
1802,49,F,2023-09-28,Bronce
1803,26,M,2025-07-11,Bronce
1804,56,F,2026-02-16,Plata
1805,71,F,2024-02-12,Oro
1806,18,F,2023-07-19,Oro
1807,74,F,2024-06-07,Plata
1808,43,F,2025-03-30,Bronce
1809,44,F,2025-04-01,Plata
1810,24,M,2025-08-11,Bronce
1811,18,F,2025-08-09,Bronce
1812,40,M,2025-12-22,Oro
1813,49,F,2024-01-21,Bronce
1814,27,M,2024-12-05,Bronce
1815,57,M,2024-12-19,Plata
1816,24,F,2024-08-01,Plata
1817,30,M,2025-01-10,Bronce
1818,55,M,2025-02-13,Plata
1819,40,M,2024-10-26,Bronce
1820,20,M,2026-04-08,Oro
1821,26,M,2025-12-03,Bronce
1822,74,M,2023-08-09,Oro
1823,49,M,2026-01-24,Plata
1824,39,M,2026-02-18,Plata
1825,75,F,2024-10-20,Bronce
1826,30,M,2023-08-30,Bronce
1827,53,F,2024-10-13,Oro
1828,23,F,2023-10-13,Plata
1829,74,M,2025-10-02,Oro
1830,20,F,2026-04-07,Bronce
1831,63,F,2025-01-09,Bronce
1832,41,Otro,2024-08-03,Plata
1833,33,F,2024-06-14,Bronce
1834,21,M,2026-03-04,Bronce
1835,52,F,2025-12-11,Oro
1836,75,F,2024-01-08,Bronce
1837,63,F,2024-10-18,Plata
1838,28,M,2023-09-23,Oro
1839,43,F,2025-11-10,Plata
1840,20,F,2026-03-15,Plata
1841,28,M,2023-12-25,Bronce
1842,32,M,2024-11-13,Bronce
1843,65,M,2024-09-12,Bronce
1844,55,F,2026-03-04,Bronce
1845,60,F,2026-05-09,Bronce
1846,47,F,2026-03-13,Oro
1847,44,M,2025-01-17,Oro
1848,66,F,2023-12-06,Bronce
1849,73,M,2025-11-29,Plata
1850,18,M,2023-09-28,Bronce
1851,71,F,2024-09-11,Oro
1852,55,Otro,2025-10-04,Oro
1853,49,F,2024-12-25,Oro
1854,55,F,2026-02-12,Bronce
1855,42,M,2024-10-11,Plata
1856,28,M,2023-12-04,Plata
1857,60,F,2026-03-25,Oro
1858,48,F,2026-05-15,Bronce
1859,21,M,2026-04-18,Oro
1860,39,M,2025-08-14,Plata
1861,34,M,2023-10-12,Plata
1862,31,F,2026-02-16,Bronce
1863,55,M,2026-03-26,Bronce
1864,43,M,2025-03-07,Bronce
1865,48,M,2025-07-17,Bronce
1866,74,M,2024-12-02,Bronce
1867,74,F,2023-06-17,Plata
1868,63,M,2024-12-03,Plata
1869,56,F,2024-09-10,Bronce
1870,28,F,2024-02-24,Oro
1871,58,F,2024-04-16,Bronce
1872,60,M,2024-10-31,Bronce
1873,40,Otro,2025-06-13,Plata
1874,68,F,2024-03-13,Bronce
1875,57,Otro,2024-05-05,Bronce
1876,51,F,2023-12-19,Plata
1877,42,M,2024-01-15,Oro
1878,53,M,2023-09-16,Plata
1879,75,M,2024-08-21,Bronce
1880,22,F,2023-10-24,Bronce
1881,20,M,2025-07-16,Bronce
1882,58,M,2025-09-04,Bronce
1883,60,M,2025-08-14,Plata
1884,73,M,2023-07-17,Plata
1885,72,M,2026-03-13,Bronce
1886,66,M,2024-10-24,Plata
1887,46,M,2026-01-04,Oro
1888,38,M,2023-12-09,Plata
1889,57,M,2025-12-02,Plata
1890,25,M,2024-12-25,Bronce
1891,47,F,2024-01-14,Plata
1892,58,F,2024-01-27,Plata
1893,68,M,2024-02-24,Bronce
1894,45,M,2026-04-30,Plata
1895,54,F,2026-01-14,Oro
1896,46,F,2024-02-01,Bronce
1897,33,F,2025-03-29,Plata
1898,51,F,2023-07-26,Bronce
1899,17,M,2025-02-16,Plata
1900,29,M,2024-12-05,Plata
1901,28,M,2026-04-04,Bronce
1902,44,F,2024-05-22,Bronce
1903,27,F,2025-04-09,Oro
1904,54,F,2025-12-23,Plata
1905,17,M,2024-08-04,Bronce
1906,47,F,2025-04-16,Oro
1907,28,M,2024-05-17,Plata
1908,61,M,2025-08-26,Bronce
1909,42,M,2024-05-25,Bronce
1910,64,F,2024-09-11,Oro
1911,56,M,2025-05-17,Bronce
1912,32,F,2024-03-16,Bronce
1913,55,M,2024-12-11,Plata
1914,46,F,2026-04-07,Bronce
1915,49,F,2025-10-22,Oro
1916,75,M,2025-04-03,Plata
1917,39,F,2025-05-06,Bronce
1918,60,F,2024-07-30,Plata
1919,50,F,2025-01-02,Plata
1920,63,F,2025-07-09,Bronce
1921,21,F,2025-08-16,Plata
1922,34,M,2025-02-28,Plata
1923,45,F,2024-01-26,Bronce
1924,22,M,2024-03-25,Bronce
1925,25,M,2025-12-14,Bronce
1926,56,M,2023-12-20,Oro
1927,47,F,2024-06-11,Plata
1928,49,F,2023-08-09,Bronce
1929,43,M,2026-02-09,Bronce
1930,75,F,2025-06-04,Plata
1931,30,F,2024-12-16,Bronce
1932,45,M,2025-09-27,Plata
1933,52,M,2023-10-26,Oro
1934,44,F,2025-07-29,Oro
1935,37,M,2023-11-29,Bronce
1936,19,F,2024-08-04,Plata
1937,35,M,2023-09-27,Bronce
1938,47,M,2024-01-24,Oro
1939,51,F,2024-07-16,Plata
1940,65,F,2025-04-16,Bronce
1941,19,F,2025-07-25,Bronce
1942,42,F,2024-01-03,Bronce
1943,32,F,2025-03-29,Bronce
1944,27,F,2023-10-09,Plata
1945,37,M,2024-04-28,Bronce
1946,32,F,2025-04-19,Bronce
1947,25,M,2024-11-13,Plata
1948,69,F,2023-06-30,Plata
1949,16,M,2025-02-22,Plata
1950,37,F,2023-08-10,Oro
1951,41,M,2025-01-24,Plata
1952,71,F,2025-07-07,Bronce
1953,74,F,2024-12-20,Oro
1954,33,M,2024-05-20,Plata
1955,65,F,2025-01-08,Bronce
1956,29,M,2023-09-23,Bronce
1957,62,F,2024-12-22,Bronce
1958,44,F,2024-05-02,Bronce
1959,27,M,2023-07-02,Plata
1960,51,F,2024-09-26,Bronce
1961,74,M,2023-10-20,Bronce
1962,50,M,2026-02-22,Plata
1963,67,F,2024-10-21,Bronce
1964,27,M,2024-01-01,Bronce
1965,22,Otro,2023-12-19,Bronce
1966,44,F,2023-07-18,Plata
1967,26,M,2024-08-07,Bronce
1968,48,F,2025-05-22,Bronce
1969,21,M,2026-05-05,Plata
1970,62,M,2023-12-21,Oro
1971,30,M,2025-05-17,Bronce
1972,47,M,2025-04-15,Oro
1973,66,M,2025-12-30,Bronce
1974,26,M,2023-05-28,Plata
1975,73,Otro,2023-09-20,Plata
1976,38,F,2023-06-18,Bronce
1977,41,F,2024-06-20,Bronce
1978,49,F,2024-04-19,Bronce
1979,61,F,2024-01-07,Bronce
1980,49,M,2025-09-18,Plata
1981,44,F,2025-12-20,Bronce
1982,19,Otro,2025-08-16,Bronce
1983,32,M,2025-03-07,Plata
1984,50,F,2023-11-08,Bronce
1985,28,F,2024-08-09,Plata
1986,56,F,2024-05-23,Plata
1987,54,F,2024-08-29,Plata
1988,30,M,2023-11-25,Bronce
1989,70,M,2023-08-02,Plata
1990,44,M,2024-05-24,Bronce
1991,44,F,2025-03-02,Plata
1992,26,M,2026-02-05,Bronce
1993,67,F,2026-01-11,Bronce
1994,47,M,2025-04-29,Plata
1995,17,M,2023-08-25,Plata
1996,62,M,2023-11-08,Bronce
1997,29,F,2025-07-04,Bronce
1998,35,M,2025-12-02,Oro
1999,37,M,2025-08-29,Bronce
2000,26,F,2023-06-14,Oro
2001,42,M,2026-01-25,Bronce
2002,18,M,2025-07-28,Oro
2003,32,F,2025-10-29,Bronce
2004,59,F,2024-05-29,Plata
2005,71,M,2023-12-29,Bronce
2006,43,F,2024-08-14,Plata
2007,44,Otro,2025-03-16,Bronce
2008,36,F,2023-05-22,Bronce
2009,62,F,2025-12-30,Bronce
2010,31,F,2024-11-18,Bronce
2011,52,F,2024-05-27,Bronce
2012,74,F,2025-10-22,Plata
2013,35,M,2025-02-25,Plata
2014,21,F,2024-03-05,Plata
2015,34,F,2026-03-17,Oro
2016,72,M,2026-03-23,Plata
2017,20,M,2023-09-29,Plata
2018,18,F,2025-08-10,Oro
2019,74,F,2024-11-30,Bronce
2020,16,M,2023-09-02,Bronce
2021,73,F,2025-08-14,Plata
2022,75,M,2025-09-11,Plata
2023,53,M,2025-07-16,Bronce
2024,30,F,2025-07-16,Plata
2025,49,M,2025-09-26,Bronce
2026,50,M,2023-06-20,Bronce
2027,64,F,2025-01-15,Plata
2028,40,M,2025-05-19,Bronce
2029,39,M,2023-07-26,Bronce
2030,27,Otro,2026-01-31,Bronce
2031,33,F,2025-01-09,Bronce
2032,30,F,2024-12-19,Oro
2033,59,F,2024-06-17,Bronce
2034,31,M,2023-06-14,Bronce
2035,42,F,2024-11-24,Bronce
2036,23,F,2023-09-01,Bronce
2037,75,F,2024-11-05,Oro
2038,61,F,2024-05-28,Bronce
2039,40,F,2026-03-05,Plata
2040,32,M,2026-01-19,Plata
2041,44,M,2023-10-28,Bronce
2042,68,F,2025-11-08,Plata
2043,23,F,2024-10-17,Bronce
2044,30,F,2023-12-13,Bronce
2045,42,M,2023-07-27,Plata
2046,61,F,2024-11-17,Plata
2047,65,F,2025-09-14,Plata
2048,67,F,2024-10-26,Bronce
2049,22,F,2026-02-11,Plata
2050,18,F,2024-02-15,Bronce
2051,44,F,2026-04-17,Oro
2052,59,F,2025-05-10,Oro
2053,68,F,2026-05-04,Bronce
2054,39,F,2025-06-01,Plata
2055,75,F,2026-01-25,Oro
2056,73,F,2024-02-27,Plata
2057,18,F,2023-12-15,Bronce
2058,35,F,2023-08-26,Oro
2059,61,M,2025-04-29,Bronce
2060,30,M,2023-07-16,Bronce
2061,40,Otro,2024-08-17,Plata
2062,45,F,2024-03-28,Oro
2063,29,F,2023-07-27,Oro
2064,22,F,2024-03-24,Bronce
2065,32,F,2023-07-24,Bronce
2066,59,F,2024-09-21,Plata
2067,35,F,2024-09-12,Oro
2068,51,F,2025-07-28,Bronce
2069,24,M,2025-01-27,Bronce
2070,53,M,2025-09-09,Oro
2071,63,M,2025-05-24,Oro
2072,72,M,2024-06-16,Bronce
2073,75,F,2023-07-15,Bronce
2074,37,M,2026-02-17,Plata
2075,69,M,2024-03-11,Oro
2076,68,M,2024-08-06,Plata
2077,68,M,2024-11-24,Bronce
2078,17,F,2023-08-02,Bronce
2079,39,F,2026-03-03,Bronce
2080,23,F,2024-10-16,Plata
2081,26,M,2024-07-17,Bronce
2082,28,M,2023-11-29,Bronce
2083,32,M,2024-12-11,Bronce
2084,23,F,2025-03-28,Oro
2085,36,M,2025-01-30,Bronce
2086,33,F,2025-04-02,Bronce
2087,45,M,2025-01-09,Oro
2088,33,F,2024-10-27,Oro
2089,61,M,2024-03-05,Plata
2090,62,M,2025-06-28,Plata
2091,46,F,2026-04-29,Oro
2092,53,M,2025-06-30,Bronce
2093,47,M,2024-12-10,Bronce
2094,26,F,2025-08-03,Plata
2095,60,F,2024-07-07,Bronce
2096,40,F,2023-09-25,Plata
2097,48,M,2025-03-09,Plata
2098,75,M,2023-09-19,Oro
2099,53,M,2025-03-18,Bronce
2100,56,M,2025-12-10,Bronce
2101,23,F,2024-02-24,Bronce
2102,26,F,2025-09-13,Plata
2103,37,M,2024-08-18,Bronce
2104,66,F,2024-09-29,Oro
2105,39,M,2023-10-26,Plata
2106,56,F,2023-09-21,Bronce
2107,32,M,2024-10-10,Bronce
2108,27,M,2026-03-11,Bronce
2109,72,F,2024-08-21,Bronce
2110,61,F,2024-09-07,Bronce
2111,47,F,2025-04-11,Bronce
2112,30,M,2025-12-11,Plata
2113,31,M,2025-03-11,Plata
2114,69,F,2024-02-02,Bronce
2115,37,M,2026-04-25,Bronce
2116,43,F,2025-04-08,Bronce
2117,35,M,2024-11-16,Oro
2118,48,F,2025-04-13,Plata
2119,25,F,2023-07-24,Bronce
2120,55,M,2024-11-17,Plata
2121,47,F,2025-12-30,Bronce
2122,65,F,2025-03-25,Plata
2123,75,M,2024-07-19,Plata
2124,48,F,2026-02-06,Bronce
2125,17,F,2023-08-17,Plata
2126,48,M,2023-09-13,Oro
2127,48,M,2026-03-27,Bronce
2128,56,M,2026-02-03,Oro
2129,28,F,2025-02-09,Plata
2130,45,F,2024-12-04,Plata
2131,48,F,2025-07-25,Oro
2132,28,Otro,2026-04-09,Bronce
2133,67,F,2024-01-23,Plata
2134,41,F,2023-07-07,Plata
2135,37,M,2023-12-27,Oro
2136,54,F,2025-12-18,Plata
2137,17,M,2026-04-07,Plata
2138,53,F,2025-03-30,Oro
2139,54,M,2023-07-13,Bronce
2140,41,M,2023-12-02,Bronce
2141,61,M,2023-09-01,Plata
2142,73,M,2024-05-20,Plata
2143,65,F,2026-02-15,Plata
2144,30,M,2024-12-09,Plata
2145,49,F,2024-12-02,Oro
2146,57,F,2025-01-03,Bronce
2147,70,F,2025-10-17,Bronce
2148,59,M,2023-07-09,Plata
2149,64,M,2025-12-14,Oro
2150,55,F,2024-01-13,Bronce
2151,26,F,2026-04-08,Bronce
2152,18,M,2025-04-17,Bronce
2153,74,M,2024-12-16,Oro
2154,21,M,2024-12-17,Plata
2155,24,F,2025-04-08,Plata
2156,21,M,2023-09-16,Bronce
2157,24,F,2025-10-27,Bronce
2158,54,F,2023-12-19,Bronce
2159,46,M,2025-08-19,Bronce
2160,47,Otro,2024-12-10,Bronce
2161,56,F,2025-01-27,Bronce
2162,65,F,2024-09-19,Plata
2163,27,F,2026-02-22,Plata
2164,23,F,2024-07-25,Bronce
2165,23,F,2024-06-10,Oro
2166,65,M,2023-11-12,Bronce
2167,43,M,2023-06-29,Bronce
2168,35,M,2024-03-04,Plata
2169,62,M,2025-07-03,Oro
2170,74,M,2025-08-01,Plata
2171,22,M,2025-01-10,Bronce
2172,26,M,2025-10-08,Plata
2173,35,F,2023-11-18,Plata
2174,31,F,2024-06-29,Bronce
2175,19,F,2024-06-27,Plata
2176,21,F,2026-05-17,Oro
2177,73,F,2025-04-12,Plata
2178,37,F,2024-04-17,Plata
2179,41,M,2025-12-25,Oro
2180,18,M,2024-08-05,Plata
2181,56,F,2026-05-02,Oro
2182,75,F,2025-06-21,Bronce
2183,57,F,2024-03-25,Bronce
2184,29,M,2023-11-26,Bronce
2185,26,M,2023-12-16,Plata
2186,33,F,2023-09-12,Plata
2187,69,F,2025-04-21,Oro
2188,27,M,2024-02-12,Plata
2189,38,M,2025-04-10,Plata
2190,27,F,2023-10-03,Bronce
2191,28,F,2026-04-13,Plata
2192,40,M,2024-09-27,Bronce
2193,60,F,2026-03-22,Plata
2194,66,M,2024-11-09,Plata
2195,73,M,2023-08-28,Oro
2196,34,F,2025-09-20,Bronce
2197,70,M,2025-09-08,Bronce
2198,61,F,2024-08-13,Plata
2199,51,F,2024-08-27,Oro
2200,60,F,2024-01-19,Bronce
2201,23,M,2026-05-11,Plata
2202,44,M,2026-02-03,Plata
2203,70,M,2024-02-14,Oro
2204,68,F,2024-12-01,Oro
2205,70,F,2025-07-18,Bronce
2206,47,F,2024-05-02,Plata
2207,66,F,2023-11-24,Plata
2208,59,F,2024-03-27,Bronce
2209,33,F,2023-12-21,Plata
2210,21,M,2024-05-21,Bronce
2211,33,M,2025-06-25,Plata
2212,34,F,2023-06-29,Bronce
2213,37,M,2024-11-30,Bronce
2214,52,M,2025-09-26,Plata
2215,47,F,2025-10-25,Oro
2216,71,F,2024-12-13,Bronce
2217,56,M,2025-05-15,Bronce
2218,74,F,2025-09-22,Plata
2219,18,F,2023-12-07,Oro
2220,43,F,2025-12-25,Bronce
2221,25,M,2023-09-30,Bronce
2222,66,M,2023-08-30,Plata
2223,50,F,2024-09-11,Plata
2224,44,F,2025-01-27,Oro
2225,69,F,2025-06-01,Bronce
2226,30,F,2025-08-13,Bronce
2227,48,M,2025-02-16,Bronce
2228,22,M,2025-02-14,Bronce
2229,27,F,2025-10-29,Plata
2230,64,M,2023-09-11,Plata
2231,45,M,2023-11-30,Bronce
2232,36,F,2024-09-23,Bronce
2233,46,M,2026-02-10,Bronce
2234,73,M,2023-09-12,Plata
2235,39,M,2025-04-18,Bronce
2236,35,M,2025-05-12,Plata
2237,52,M,2026-04-10,Bronce
2238,19,F,2025-07-31,Bronce
2239,43,F,2024-11-05,Oro
2240,59,M,2023-12-05,Bronce
2241,35,F,2025-09-22,Plata
2242,75,M,2026-02-06,Bronce
2243,39,F,2025-11-18,Bronce
2244,65,F,2024-02-26,Bronce
2245,64,F,2023-12-06,Oro
2246,66,F,2025-03-22,Bronce
2247,47,M,2025-07-09,Oro
2248,56,M,2023-08-14,Bronce
2249,51,F,2023-11-28,Bronce
2250,73,M,2025-08-01,Oro
2251,68,M,2024-01-12,Oro
2252,49,F,2024-09-03,Bronce
2253,51,F,2024-01-30,Bronce
2254,17,F,2024-01-26,Bronce
2255,30,M,2024-10-02,Plata
2256,49,F,2024-05-04,Bronce
2257,51,M,2024-11-07,Plata
2258,21,M,2025-08-03,Plata
2259,54,F,2024-08-03,Plata
2260,57,M,2023-09-19,Plata
2261,66,M,2024-06-12,Plata
2262,66,F,2024-03-19,Oro
2263,73,M,2026-01-30,Bronce
2264,69,M,2025-09-21,Oro
2265,27,M,2024-07-19,Oro
2266,18,M,2023-11-30,Bronce
2267,60,M,2026-01-14,Plata
2268,33,F,2024-09-01,Plata
2269,55,F,2025-12-29,Bronce
2270,36,M,2025-08-25,Bronce
2271,30,F,2023-10-12,Bronce
2272,48,M,2025-07-08,Bronce
2273,50,M,2026-02-08,Bronce
2274,41,F,2024-02-05,Bronce
2275,23,M,2025-11-24,Bronce
2276,51,Otro,2025-11-07,Plata
2277,63,M,2024-01-14,Bronce
2278,45,F,2024-02-09,Bronce
2279,38,M,2026-03-08,Plata
2280,57,M,2026-01-14,Oro
2281,59,M,2025-12-15,Bronce
2282,29,F,2024-10-25,Bronce
2283,29,F,2025-10-11,Bronce
2284,17,F,2023-07-22,Bronce
2285,70,M,2023-07-03,Bronce
2286,52,M,2023-09-23,Plata
2287,20,M,2023-07-29,Plata
2288,53,F,2026-02-09,Bronce
2289,60,F,2025-10-31,Bronce
2290,56,M,2024-07-04,Plata
2291,69,F,2026-02-24,Bronce
2292,75,M,2024-04-11,Plata
2293,62,F,2025-10-24,Oro
2294,29,F,2025-02-25,Bronce
2295,71,M,2026-01-04,Bronce
2296,54,M,2026-02-05,Bronce
2297,40,Otro,2023-07-06,Bronce
2298,35,F,2025-07-01,Bronce
2299,17,F,2026-01-18,Bronce
2300,54,F,2025-09-13,Oro
2301,21,M,2024-08-11,Plata
2302,32,F,2026-02-10,Plata
2303,74,F,2024-08-31,Plata
2304,40,F,2025-06-08,Bronce
2305,72,M,2024-06-03,Bronce
2306,43,M,2026-04-18,Bronce
2307,17,M,2025-02-08,Oro
2308,50,M,2024-08-24,Plata
2309,52,M,2025-04-23,Bronce
2310,20,M,2023-09-10,Plata
2311,16,M,2026-04-23,Bronce
2312,55,M,2023-08-21,Plata
2313,27,F,2024-01-20,Plata
2314,71,M,2025-04-01,Bronce
2315,51,M,2025-02-23,Plata
2316,60,M,2025-06-10,Bronce
2317,38,M,2025-05-10,Bronce
2318,62,F,2024-03-31,Oro
2319,46,M,2024-10-29,Bronce
2320,26,F,2025-12-17,Bronce
2321,25,F,2023-12-29,Plata
2322,18,F,2024-09-16,Plata
2323,69,F,2024-09-27,Bronce
2324,29,F,2024-11-06,Bronce
2325,31,F,2025-01-28,Bronce
2326,25,M,2023-12-09,Bronce
2327,44,M,2024-12-15,Bronce
2328,25,F,2025-07-27,Bronce
2329,27,M,2025-10-08,Plata
2330,45,M,2023-10-31,Bronce
2331,56,F,2024-09-26,Plata
2332,16,F,2024-05-29,Bronce
2333,20,M,2025-05-13,Bronce
2334,35,F,2023-11-26,Plata
2335,23,M,2024-07-08,Plata
2336,58,F,2025-04-17,Oro
2337,27,M,2024-06-08,Plata
2338,16,M,2023-12-24,Bronce
2339,72,F,2023-10-17,Bronce
2340,69,M,2023-08-06,Oro
2341,35,F,2024-08-12,Bronce
2342,43,M,2025-01-05,Oro
2343,72,M,2025-12-30,Bronce
2344,58,F,2025-02-27,Oro
2345,52,M,2024-06-08,Bronce
2346,62,M,2024-01-23,Plata
2347,52,M,2024-10-09,Bronce
2348,27,F,2025-11-02,Bronce
2349,52,F,2024-09-16,Bronce
2350,64,Otro,2024-03-09,Bronce
2351,64,M,2024-01-22,Bronce
2352,71,M,2025-07-02,Plata
2353,59,M,2025-07-27,Bronce
2354,71,F,2025-05-14,Bronce
2355,43,M,2025-07-02,Bronce
2356,62,F,2024-09-10,Oro
2357,30,M,2025-06-30,Oro
2358,21,Otro,2023-06-25,Oro
2359,59,F,2023-10-06,Bronce
2360,74,F,2025-01-19,Plata
2361,35,M,2025-07-13,Plata
2362,65,M,2025-04-29,Plata
2363,29,M,2024-05-27,Oro
2364,17,M,2024-04-18,Plata
2365,24,M,2025-11-11,Bronce
2366,52,F,2024-11-18,Oro
2367,35,M,2023-08-03,Bronce
2368,41,F,2023-08-06,Plata
2369,44,F,2024-07-30,Bronce
2370,16,M,2025-06-26,Bronce
2371,70,Otro,2025-12-03,Bronce
2372,50,M,2026-03-01,Plata
2373,21,M,2026-03-29,Plata
2374,52,F,2025-05-20,Plata
2375,68,F,2024-08-05,Bronce
2376,74,M,2025-08-30,Bronce
2377,20,M,2023-06-01,Oro
2378,48,F,2023-11-02,Oro
2379,64,M,2025-03-19,Oro
2380,66,F,2023-12-14,Plata
2381,29,F,2024-07-03,Plata
2382,27,Otro,2024-12-08,Bronce
2383,57,M,2025-02-04,Bronce
2384,35,M,2024-12-08,Plata
2385,68,M,2023-07-29,Oro
2386,65,M,2025-01-31,Bronce
2387,39,M,2023-08-07,Plata
2388,74,M,2025-10-21,Plata
2389,58,F,2025-10-08,Bronce
2390,49,F,2024-03-17,Plata
2391,40,M,2024-12-03,Plata
2392,65,M,2025-09-25,Bronce
2393,44,M,2024-08-10,Plata
2394,72,M,2023-09-11,Bronce
2395,54,F,2025-01-09,Plata
2396,46,F,2025-07-11,Bronce
2397,71,F,2025-04-18,Plata
2398,62,F,2025-09-20,Bronce
2399,58,F,2024-07-27,Bronce
2400,65,F,2026-01-12,Bronce
2401,38,M,2026-04-10,Bronce
2402,59,F,2025-12-24,Oro
2403,53,F,2023-11-20,Bronce
2404,35,M,2023-12-05,Plata
2405,38,M,2023-10-17,Oro
2406,60,M,2025-01-20,Plata
2407,67,F,2024-12-19,Plata
2408,31,M,2024-10-27,Plata
2409,65,M,2025-10-02,Oro
2410,57,M,2024-12-07,Oro
2411,75,F,2023-12-30,Oro
2412,70,M,2024-03-24,Oro
2413,23,F,2025-12-10,Bronce
2414,65,F,2025-07-18,Oro
2415,36,F,2025-02-01,Oro
2416,16,F,2025-07-04,Plata
2417,70,M,2023-07-21,Plata
2418,23,M,2023-07-29,Plata
2419,44,F,2023-07-19,Bronce
2420,47,M,2023-12-18,Bronce
2421,53,M,2024-10-18,Bronce
2422,20,F,2025-05-24,Plata
2423,62,M,2025-08-03,Oro
2424,37,F,2025-04-28,Plata
2425,62,M,2024-01-06,Bronce
2426,49,F,2025-12-16,Plata
2427,16,F,2025-07-28,Oro
2428,70,F,2023-12-23,Oro
2429,70,M,2024-10-10,Bronce
2430,41,F,2025-12-27,Plata
2431,58,F,2024-09-25,Plata
2432,25,M,2024-01-27,Plata
2433,45,M,2025-01-19,Bronce
2434,65,F,2026-01-01,Bronce
2435,33,F,2024-08-26,Plata
2436,32,M,2025-11-27,Bronce
2437,41,F,2024-10-23,Bronce
2438,23,M,2025-07-16,Bronce
2439,62,M,2025-07-19,Bronce
2440,55,F,2025-08-23,Bronce
2441,64,F,2025-06-18,Bronce
2442,27,F,2025-10-10,Plata
2443,42,Otro,2024-08-27,Plata
2444,23,M,2025-05-26,Bronce
2445,40,M,2023-06-14,Plata
2446,61,M,2024-12-12,Plata
2447,19,F,2024-10-15,Bronce
2448,48,F,2026-03-31,Plata
2449,16,M,2023-11-06,Bronce
2450,34,M,2025-02-25,Bronce
2451,46,M,2025-11-11,Oro
2452,31,F,2024-09-08,Bronce
2453,29,M,2026-04-22,Plata
2454,68,M,2026-01-21,Plata
2455,63,F,2023-06-30,Plata
2456,20,F,2025-12-02,Plata
2457,56,F,2025-05-26,Plata
2458,41,F,2024-07-05,Oro
2459,43,M,2026-03-03,Plata
2460,17,F,2025-11-03,Oro
2461,65,F,2025-11-02,Bronce
2462,21,Otro,2024-05-07,Plata
2463,24,M,2023-08-07,Oro
2464,48,M,2025-11-11,Bronce
2465,56,M,2025-06-04,Plata
2466,40,M,2024-02-08,Bronce
2467,63,F,2025-08-11,Bronce
2468,28,M,2026-01-21,Bronce
2469,24,M,2026-01-06,Bronce
2470,68,M,2024-12-30,Plata
2471,28,M,2024-01-04,Bronce
2472,46,M,2026-04-11,Bronce
2473,56,M,2024-05-30,Plata
2474,26,M,2023-07-08,Bronce
2475,19,F,2025-10-25,Bronce
2476,49,F,2026-05-12,Plata
2477,53,M,2023-11-06,Bronce
2478,61,Otro,2024-03-11,Oro
2479,19,F,2023-06-18,Bronce
2480,53,F,2025-04-04,Oro
2481,34,M,2024-09-18,Plata
2482,21,M,2025-02-28,Plata
2483,49,M,2024-01-10,Plata
2484,33,M,2025-02-19,Plata
2485,28,M,2026-04-26,Plata
2486,56,F,2024-03-31,Plata
2487,38,M,2025-02-15,Oro
2488,34,M,2025-07-07,Plata
2489,60,F,2025-12-24,Bronce
2490,26,M,2025-05-21,Oro
2491,16,F,2023-08-24,Plata
2492,39,F,2023-12-20,Bronce
2493,69,F,2025-08-02,Oro
2494,22,Otro,2024-04-06,Bronce
2495,40,M,2025-10-07,Bronce
2496,36,F,2024-10-05,Oro
2497,30,F,2026-03-13,Plata
2498,16,F,2025-06-01,Plata
2499,27,F,2025-08-13,Bronce
2500,73,F,2024-12-25,Bronce
2501,22,M,2024-09-18,Oro
2502,30,F,2024-02-13,Oro
2503,36,M,2025-05-03,Plata
2504,34,F,2025-08-25,Bronce
2505,75,F,2024-11-01,Plata
2506,44,M,2025-09-14,Oro
2507,40,M,2024-11-20,Oro
2508,48,M,2026-04-03,Oro
2509,64,F,2026-04-11,Bronce
2510,47,F,2026-02-12,Bronce
2511,64,F,2026-05-01,Oro
2512,50,F,2024-07-03,Bronce
2513,59,F,2025-12-22,Plata
2514,53,M,2025-06-10,Plata
2515,41,M,2024-03-13,Bronce
2516,26,F,2024-06-05,Plata
2517,50,M,2024-07-26,Bronce
2518,23,M,2025-10-02,Bronce
2519,61,M,2024-08-25,Bronce
2520,29,M,2024-05-03,Plata
2521,25,F,2024-08-24,Bronce
2522,17,M,2024-08-10,Plata
2523,61,F,2026-05-19,Bronce
2524,24,M,2024-04-05,Plata
2525,18,M,2026-04-26,Bronce
2526,36,M,2026-05-19,Bronce
2527,41,F,2025-06-17,Oro
2528,23,F,2024-09-23,Oro
2529,63,F,2025-06-03,Plata
2530,17,F,2024-11-11,Bronce
2531,21,F,2025-10-06,Plata
2532,43,F,2024-07-17,Plata
2533,68,F,2024-08-09,Bronce
2534,44,F,2023-11-25,Oro
2535,41,M,2025-10-26,Plata
2536,40,F,2026-04-05,Bronce
2537,27,F,2025-09-09,Plata
2538,20,F,2024-12-29,Plata
2539,49,M,2025-01-21,Plata
2540,63,F,2024-11-06,Plata
2541,52,F,2024-01-02,Plata
2542,30,M,2024-08-13,Bronce
2543,59,F,2023-07-24,Plata
2544,51,M,2024-08-08,Bronce
2545,30,M,2023-09-19,Bronce
2546,58,M,2024-11-08,Bronce
2547,63,M,2025-04-06,Bronce
2548,38,F,2026-03-04,Oro
2549,21,M,2024-06-21,Plata
2550,61,M,2025-06-02,Plata
2551,65,M,2024-04-16,Plata
2552,59,M,2024-03-28,Bronce
2553,74,M,2025-09-02,Bronce
2554,58,F,2024-07-14,Bronce
2555,60,M,2025-10-09,Bronce
2556,36,F,2026-05-05,Bronce
2557,38,F,2024-07-14,Bronce
2558,58,M,2023-12-19,Oro
2559,70,F,2023-11-05,Bronce
2560,31,M,2025-12-31,Bronce
2561,62,M,2025-11-16,Plata
2562,68,M,2024-05-25,Bronce
2563,75,M,2024-05-30,Plata
2564,30,F,2023-08-06,Plata
2565,40,F,2026-03-25,Plata
2566,51,M,2025-08-21,Oro
2567,26,F,2024-05-04,Bronce
2568,66,M,2026-02-04,Plata
2569,30,F,2024-05-15,Plata
2570,19,M,2023-08-09,Oro
2571,36,M,2023-10-22,Bronce
2572,28,M,2025-02-20,Bronce
2573,37,M,2024-10-14,Plata
2574,34,F,2025-05-22,Bronce
2575,49,F,2023-10-23,Bronce
2576,29,M,2026-04-12,Bronce
2577,19,F,2023-12-19,Bronce
2578,63,F,2023-05-28,Bronce
2579,68,F,2025-09-20,Bronce
2580,67,M,2024-01-20,Oro
2581,61,M,2025-02-10,Oro
2582,42,F,2026-02-27,Bronce
2583,44,F,2025-05-27,Plata
2584,62,M,2025-05-30,Plata
2585,43,M,2026-02-23,Bronce
2586,50,M,2024-03-24,Bronce
2587,23,F,2024-08-08,Plata
2588,31,F,2024-09-29,Oro
2589,57,M,2024-08-05,Bronce
2590,51,F,2026-02-16,Plata
2591,45,F,2023-08-19,Bronce
2592,33,F,2023-10-05,Plata
2593,17,F,2026-02-26,Bronce
2594,64,F,2025-10-27,Plata
2595,28,M,2024-05-14,Bronce
2596,19,F,2025-08-28,Plata
2597,41,M,2023-07-16,Plata
2598,40,M,2024-02-15,Oro
2599,45,M,2025-02-27,Oro
2600,26,M,2024-02-17,Bronce
2601,22,M,2023-07-15,Plata
2602,46,M,2025-01-25,Bronce
2603,59,F,2025-06-27,Bronce
2604,25,M,2024-03-04,Bronce
2605,54,F,2024-08-11,Bronce
2606,28,M,2023-07-17,Plata
2607,46,F,2023-06-03,Bronce
2608,22,F,2024-08-25,Bronce
2609,71,M,2025-10-18,Bronce
2610,64,F,2025-12-11,Bronce
2611,57,F,2023-11-02,Bronce
2612,57,F,2024-10-21,Bronce
2613,71,F,2024-08-04,Bronce
2614,51,F,2025-04-24,Plata
2615,35,F,2026-02-09,Oro
2616,19,M,2025-09-09,Oro
2617,69,M,2025-08-11,Bronce
2618,22,F,2025-06-25,Bronce
2619,69,M,2023-12-14,Bronce
2620,16,F,2025-07-11,Oro
2621,59,M,2025-05-16,Bronce
2622,71,F,2024-07-16,Bronce
2623,60,Otro,2024-03-14,Bronce
2624,57,M,2023-11-10,Oro
2625,62,M,2024-10-14,Plata
2626,74,F,2024-01-27,Oro
2627,28,F,2025-05-01,Bronce
2628,70,M,2026-02-20,Bronce
2629,37,M,2024-06-22,Bronce
2630,69,F,2024-03-04,Plata
2631,36,F,2023-06-10,Plata
2632,37,M,2024-10-24,Bronce
2633,43,M,2024-08-20,Bronce
2634,24,F,2025-10-18,Oro
2635,41,M,2026-04-01,Plata
2636,24,M,2024-03-15,Bronce
2637,30,F,2024-02-16,Oro
2638,25,M,2025-12-24,Plata
2639,39,F,2026-02-05,Oro
2640,73,M,2025-02-07,Plata
2641,72,F,2025-03-14,Bronce
2642,57,F,2025-07-28,Bronce
2643,23,M,2024-10-10,Oro
2644,39,F,2023-10-01,Bronce
2645,31,M,2025-01-31,Bronce
2646,64,F,2026-03-24,Oro
2647,41,F,2023-10-15,Plata
2648,42,M,2024-03-02,Oro
2649,52,M,2023-12-24,Oro
2650,19,M,2025-05-30,Bronce
2651,65,F,2024-10-03,Plata
2652,39,M,2024-06-08,Oro
2653,34,M,2023-05-30,Bronce
2654,51,M,2024-06-28,Bronce
2655,75,M,2025-01-04,Plata
2656,54,F,2024-05-19,Plata
2657,25,M,2025-04-12,Bronce
2658,40,F,2024-07-07,Plata
2659,33,M,2024-10-13,Plata
2660,34,M,2024-08-31,Oro
2661,51,F,2025-11-09,Bronce
2662,25,Otro,2025-10-25,Plata
2663,48,F,2023-06-06,Bronce
2664,70,M,2024-06-29,Plata
2665,65,M,2026-02-28,Bronce
2666,20,F,2024-11-28,Plata
2667,62,M,2026-04-30,Bronce
2668,64,M,2024-05-21,Plata
2669,50,F,2023-08-24,Bronce
2670,59,F,2026-03-22,Bronce
2671,49,Otro,2023-11-19,Bronce
2672,48,F,2025-05-11,Plata
2673,70,F,2024-09-07,Plata
2674,36,M,2024-01-23,Plata
2675,32,M,2025-02-07,Bronce
2676,37,F,2026-04-19,Bronce
2677,63,F,2025-07-08,Bronce
2678,52,M,2026-05-16,Bronce
2679,30,M,2024-09-14,Bronce
2680,50,M,2026-04-26,Plata
2681,43,F,2023-11-18,Oro
2682,22,M,2026-02-05,Oro
2683,47,M,2024-08-20,Oro
2684,26,F,2024-12-10,Bronce
2685,25,F,2025-12-29,Bronce
2686,24,M,2024-04-27,Plata
2687,29,F,2024-04-24,Plata
2688,28,F,2023-12-13,Oro
2689,72,M,2025-05-31,Bronce
2690,40,M,2024-01-12,Bronce
2691,17,M,2025-04-25,Plata
2692,50,M,2025-12-15,Plata
2693,22,F,2024-12-20,Bronce
2694,36,M,2025-02-23,Bronce
2695,33,F,2026-05-14,Bronce
2696,18,M,2025-09-19,Oro
2697,57,M,2025-05-20,Oro
2698,69,F,2025-09-01,Bronce
2699,54,M,2026-03-16,Bronce
2700,56,M,2024-04-23,Plata
2701,64,M,2024-06-07,Plata
2702,26,M,2026-04-10,Bronce
2703,54,F,2025-11-30,Plata
2704,39,M,2023-09-24,Bronce
2705,75,F,2025-08-13,Bronce
2706,61,F,2025-04-12,Bronce
2707,34,M,2025-08-17,Plata
2708,19,M,2026-05-17,Bronce
2709,41,F,2024-12-02,Bronce
2710,53,F,2023-09-18,Plata
2711,57,M,2025-10-12,Bronce
2712,47,F,2023-11-10,Oro
2713,54,M,2023-08-23,Plata
2714,60,F,2025-09-16,Bronce
2715,61,M,2025-07-13,Bronce
2716,51,F,2024-03-29,Bronce
2717,55,F,2025-10-25,Bronce
2718,52,M,2025-08-30,Bronce
2719,48,M,2024-01-07,Bronce
2720,51,M,2024-01-30,Bronce
2721,18,Otro,2024-10-10,Plata
2722,24,M,2025-08-05,Oro
2723,23,M,2025-04-05,Bronce
2724,48,F,2023-11-16,Plata
2725,74,F,2026-04-10,Bronce
2726,21,F,2024-04-03,Bronce
2727,56,F,2025-11-10,Plata
2728,54,M,2025-06-17,Plata
2729,19,F,2023-10-08,Plata
2730,28,M,2025-07-20,Plata
2731,64,M,2025-04-11,Bronce
2732,75,F,2023-08-14,Plata
2733,17,F,2025-04-23,Oro
2734,75,M,2023-12-10,Bronce
2735,20,F,2025-07-25,Plata
2736,59,M,2025-02-23,Bronce
2737,42,M,2025-04-28,Bronce
2738,47,F,2025-10-12,Plata
2739,36,M,2023-08-17,Plata
2740,23,M,2025-10-04,Bronce
2741,53,F,2025-05-07,Bronce
2742,23,Otro,2026-03-30,Bronce
2743,65,M,2024-09-09,Oro
2744,18,F,2023-06-22,Plata
2745,69,F,2025-01-24,Bronce
2746,59,F,2024-06-18,Bronce
2747,73,F,2023-05-24,Plata
2748,18,M,2024-04-22,Bronce
2749,37,M,2025-11-03,Bronce
2750,21,M,2023-09-10,Bronce
2751,17,F,2023-07-29,Oro
2752,38,F,2025-03-08,Bronce
2753,59,F,2024-11-05,Oro
2754,17,Otro,2026-05-12,Bronce
2755,53,M,2023-08-27,Plata
2756,32,M,2025-09-06,Plata
2757,50,M,2023-08-21,Bronce
2758,49,M,2023-09-04,Bronce
2759,38,M,2025-05-22,Plata
2760,45,M,2023-07-08,Oro
2761,67,F,2024-08-07,Plata
2762,23,F,2025-02-13,Bronce
2763,37,F,2024-02-23,Bronce
2764,59,F,2023-12-16,Oro
2765,73,M,2026-02-09,Plata
2766,51,F,2026-02-16,Bronce
2767,20,F,2025-03-03,Plata
2768,28,F,2024-12-21,Bronce
2769,44,M,2025-01-03,Bronce
2770,46,M,2025-04-15,Oro
2771,62,M,2024-12-26,Plata
2772,72,F,2024-12-23,Plata
2773,70,F,2023-09-21,Bronce
2774,31,F,2026-04-14,Plata
2775,57,M,2026-03-13,Oro
2776,45,F,2025-09-03,Bronce
2777,72,F,2023-12-12,Plata
2778,70,M,2026-02-28,Bronce
2779,31,M,2024-11-10,Plata
2780,27,F,2023-11-20,Bronce
2781,32,M,2024-02-21,Plata
2782,31,F,2025-08-31,Bronce
2783,27,Otro,2025-01-19,Oro
2784,23,F,2025-08-18,Plata
2785,35,F,2023-12-03,Plata
2786,18,F,2024-04-29,Plata
2787,31,F,2023-05-25,Bronce
2788,45,M,2023-06-24,Bronce
2789,60,M,2024-08-25,Bronce
2790,38,M,2025-05-08,Bronce
2791,43,F,2026-03-31,Oro
2792,66,M,2025-09-11,Bronce
2793,55,M,2025-03-08,Bronce
2794,69,M,2025-08-23,Bronce
2795,20,F,2024-12-29,Bronce
2796,35,Otro,2024-05-10,Bronce
2797,55,Otro,2024-06-07,Oro
2798,71,F,2025-05-04,Bronce
2799,59,F,2024-11-07,Plata
2800,16,F,2024-01-15,Bronce
2801,72,F,2024-07-21,Oro
2802,45,F,2024-03-07,Plata
2803,36,M,2023-11-11,Bronce
2804,35,F,2023-07-09,Bronce
2805,21,M,2026-03-10,Bronce
2806,37,M,2025-03-01,Plata
2807,33,F,2025-12-30,Plata
2808,23,M,2023-06-13,Bronce
2809,54,M,2024-05-27,Bronce
2810,47,F,2024-04-04,Bronce
2811,48,M,2023-09-01,Bronce
2812,68,F,2023-10-23,Plata
2813,31,F,2025-11-27,Plata
2814,27,F,2023-07-11,Plata
2815,53,F,2025-04-12,Bronce
2816,67,F,2025-12-03,Bronce
2817,49,F,2026-03-28,Plata
2818,29,F,2026-05-16,Oro
2819,51,F,2023-08-03,Oro
2820,48,F,2024-06-03,Oro
2821,38,F,2023-07-27,Plata
2822,65,M,2025-02-02,Bronce
2823,60,M,2025-03-31,Oro
2824,17,F,2024-05-18,Bronce
2825,56,M,2025-09-04,Plata
2826,36,M,2024-04-21,Oro
2827,17,F,2023-08-15,Bronce
2828,42,M,2023-12-23,Oro
2829,72,M,2025-07-10,Bronce
2830,24,Otro,2024-08-11,Bronce
2831,16,F,2024-05-17,Oro
2832,26,M,2025-10-30,Bronce
2833,18,Otro,2024-09-26,Plata
2834,67,Otro,2025-11-02,Bronce
2835,38,M,2025-12-03,Plata
2836,41,M,2026-03-29,Oro
2837,19,F,2024-09-29,Plata
2838,33,F,2024-05-22,Bronce
2839,70,F,2024-08-30,Plata
2840,21,F,2023-12-28,Plata
2841,50,F,2026-03-10,Bronce
2842,37,M,2025-08-06,Bronce
2843,58,F,2024-04-27,Plata
2844,30,M,2025-02-20,Oro
2845,37,F,2024-08-28,Plata
2846,75,F,2024-07-20,Plata
2847,52,M,2023-08-22,Bronce
2848,67,F,2025-09-30,Bronce
2849,57,M,2025-11-24,Plata
2850,27,M,2024-02-16,Oro
2851,62,F,2026-01-16,Plata
2852,64,M,2026-04-08,Bronce
2853,57,F,2025-03-13,Plata
2854,53,M,2025-09-29,Bronce
2855,33,F,2025-06-27,Bronce
2856,60,F,2023-07-31,Oro
2857,50,F,2024-11-05,Plata
2858,45,F,2026-02-12,Plata
2859,39,F,2026-03-27,Plata
2860,57,M,2025-01-01,Bronce
2861,45,M,2025-08-11,Bronce
2862,29,M,2024-09-26,Plata
2863,21,M,2026-05-05,Oro
2864,18,F,2025-02-24,Plata
2865,31,M,2025-02-12,Oro
2866,22,F,2024-01-06,Bronce
2867,67,F,2024-08-27,Bronce
2868,29,M,2024-12-24,Bronce
2869,24,F,2024-02-29,Plata
2870,30,M,2025-09-01,Bronce
2871,36,F,2025-05-24,Bronce
2872,50,M,2024-05-28,Oro
2873,17,F,2024-05-04,Oro
2874,42,Otro,2024-08-29,Plata
2875,17,M,2023-12-30,Plata
2876,50,M,2025-05-08,Plata
2877,33,F,2023-08-17,Bronce
2878,29,M,2025-10-09,Plata
2879,35,F,2025-02-19,Bronce
2880,33,F,2025-02-25,Oro
2881,25,M,2025-10-01,Oro
2882,40,F,2025-08-20,Plata
2883,17,F,2023-12-14,Bronce
2884,40,F,2025-01-12,Plata
2885,69,F,2024-05-31,Plata
2886,48,M,2024-06-19,Bronce
2887,51,M,2024-03-30,Plata
2888,46,Otro,2024-10-14,Bronce
2889,29,F,2026-02-17,Bronce
2890,16,M,2023-09-19,Bronce
2891,61,F,2025-04-17,Plata
2892,31,M,2024-12-16,Bronce
2893,69,M,2023-10-10,Plata
2894,61,F,2025-08-29,Oro
2895,67,M,2024-03-10,Plata
2896,18,F,2023-08-08,Bronce
2897,50,M,2024-07-10,Bronce
2898,56,F,2024-12-25,Oro
2899,21,M,2026-03-31,Bronce
2900,40,F,2025-12-14,Bronce
2901,28,F,2025-12-11,Bronce
2902,68,M,2023-07-20,Bronce
2903,49,F,2023-09-10,Plata
2904,23,M,2024-03-07,Bronce
2905,36,M,2025-11-17,Bronce
2906,49,F,2026-03-28,Bronce
2907,19,M,2025-10-04,Plata
2908,40,F,2024-04-21,Bronce
2909,30,F,2025-06-02,Bronce
2910,19,F,2024-04-08,Bronce
2911,60,M,2024-10-18,Bronce
2912,75,M,2024-09-01,Oro
2913,27,M,2023-06-12,Plata
2914,47,F,2024-04-13,Plata
2915,47,F,2024-03-10,Bronce
2916,43,F,2023-11-18,Bronce
2917,28,M,2025-06-01,Bronce
2918,46,M,2024-05-30,Bronce
2919,29,M,2026-05-04,Bronce
2920,35,M,2025-12-13,Bronce
2921,33,M,2026-05-17,Plata
2922,44,M,2024-04-01,Bronce
2923,75,M,2025-01-25,Bronce
2924,21,M,2024-05-25,Bronce
2925,47,M,2025-09-23,Oro
2926,44,M,2024-09-30,Plata
2927,58,M,2024-08-01,Plata
2928,17,M,2024-12-31,Plata
2929,75,F,2025-05-13,Bronce
2930,38,M,2025-08-25,Plata
2931,34,M,2026-02-20,Bronce
2932,46,M,2024-11-28,Plata
2933,66,M,2024-09-10,Plata
2934,20,M,2024-06-29,Bronce
2935,34,M,2024-11-28,Bronce
2936,49,F,2025-07-24,Plata
2937,25,M,2025-06-30,Plata
2938,40,M,2025-05-12,Bronce
2939,17,F,2023-10-20,Plata
2940,26,M,2025-05-18,Bronce
2941,65,M,2024-09-28,Plata
2942,46,F,2024-03-30,Bronce
2943,71,F,2024-12-15,Plata
2944,30,M,2024-09-17,Plata
2945,24,F,2025-02-21,Bronce
2946,38,M,2023-07-30,Bronce
2947,34,M,2025-10-09,Bronce
2948,24,F,2024-04-27,Bronce
2949,50,M,2024-01-01,Bronce
2950,36,M,2023-06-14,Plata
2951,24,F,2024-06-28,Plata
2952,43,F,2025-09-25,Bronce
2953,61,M,2025-11-12,Plata
2954,66,F,2025-11-04,Bronce
2955,22,M,2025-02-26,Oro
2956,31,F,2024-08-20,Plata
2957,31,M,2024-01-11,Oro
2958,75,M,2024-03-19,Plata
2959,48,M,2024-10-13,Bronce
2960,19,M,2024-05-11,Plata
2961,19,M,2024-12-30,Bronce
2962,54,F,2025-10-21,Plata
2963,55,F,2024-06-04,Bronce
2964,32,M,2025-07-03,Plata
2965,52,M,2025-09-21,Bronce
2966,54,M,2026-03-01,Oro
2967,75,F,2026-04-17,Bronce
2968,67,F,2024-10-25,Oro
2969,44,Otro,2024-06-22,Plata
2970,67,F,2025-06-17,Bronce
2971,51,M,2026-02-09,Oro
2972,75,M,2025-06-20,Bronce
2973,53,F,2025-05-04,Plata
2974,54,F,2024-02-05,Bronce
2975,65,M,2024-11-17,Bronce
2976,52,M,2024-02-06,Bronce
2977,67,F,2023-12-23,Bronce
2978,50,M,2025-09-15,Plata
2979,22,M,2025-06-16,Plata
2980,42,F,2024-02-29,Bronce
2981,43,M,2025-09-08,Bronce
2982,37,M,2026-02-10,Bronce
2983,29,F,2023-08-19,Plata
2984,22,F,2025-08-10,Oro
2985,52,Otro,2023-07-11,Bronce
2986,37,M,2023-09-12,Bronce
2987,20,M,2026-03-23,Bronce
2988,70,F,2023-08-03,Plata
2989,17,F,2023-05-29,Plata
2990,42,M,2025-02-18,Bronce
2991,36,F,2023-12-19,Bronce
2992,69,M,2026-01-23,Bronce
2993,53,M,2024-05-13,Plata
2994,30,M,2023-09-02,Bronce
2995,36,M,2024-01-09,Plata
2996,25,M,2023-06-03,Plata
2997,38,F,2024-04-23,Bronce
2998,73,F,2025-07-13,Plata
2999,71,F,2025-04-27,Oro
3000,54,M,2024-12-19,Oro
3001,20,M,2023-08-21,Bronce
3002,16,M,2026-01-03,Plata
3003,28,M,2026-02-03,Plata
3004,36,F,2026-03-20,Bronce
3005,41,F,2026-01-01,Bronce
3006,65,F,2025-06-08,Bronce
3007,60,M,2026-03-09,Plata
3008,36,M,2025-06-15,Bronce
3009,68,F,2023-06-13,Bronce
3010,33,M,2023-05-30,Bronce
3011,52,F,2025-08-23,Plata
3012,60,Otro,2025-09-22,Bronce
3013,47,M,2025-02-16,Plata
3014,51,F,2023-06-07,Bronce
3015,32,F,2023-06-14,Oro
3016,50,M,2025-08-19,Plata
3017,64,F,2024-07-19,Plata
3018,75,M,2025-08-29,Oro
3019,26,M,2024-08-07,Plata
3020,36,F,2023-06-15,Bronce
3021,67,F,2025-07-08,Bronce
3022,70,M,2026-05-08,Oro
3023,68,M,2026-04-01,Bronce
3024,41,F,2025-03-18,Bronce
3025,19,F,2024-02-22,Oro
3026,49,F,2023-11-02,Plata
3027,67,M,2023-10-16,Bronce
3028,63,F,2025-08-11,Plata
3029,75,M,2024-01-06,Plata
3030,33,F,2024-05-28,Plata
3031,55,M,2024-03-13,Bronce
3032,50,F,2026-01-06,Plata
3033,56,M,2025-08-14,Bronce
3034,44,M,2024-06-15,Bronce
3035,67,M,2024-11-20,Bronce
3036,44,M,2024-07-08,Bronce
3037,53,F,2025-01-25,Bronce
3038,57,F,2023-09-19,Plata
3039,36,F,2024-12-19,Bronce
3040,57,M,2025-02-08,Oro
3041,28,F,2025-05-02,Bronce
3042,64,F,2025-10-13,Plata
3043,56,M,2024-05-31,Plata
3044,32,M,2026-05-07,Oro
3045,71,F,2024-05-04,Oro
3046,24,F,2024-08-27,Plata
3047,56,F,2026-04-16,Oro
3048,16,M,2023-09-22,Bronce
3049,17,F,2026-02-28,Plata
3050,75,M,2026-02-22,Oro
3051,63,F,2023-07-08,Plata
3052,44,F,2023-10-12,Plata
3053,48,M,2025-02-07,Bronce
3054,25,F,2024-12-29,Bronce
3055,65,M,2024-12-25,Bronce
3056,73,Otro,2025-09-24,Oro
3057,75,M,2025-05-28,Plata
3058,55,M,2023-08-15,Bronce
3059,36,M,2026-02-02,Oro
3060,43,M,2023-06-03,Bronce
3061,26,M,2026-05-15,Plata
3062,70,F,2024-02-10,Oro
3063,49,F,2023-09-25,Plata
3064,23,F,2025-07-04,Plata
3065,74,M,2025-03-24,Plata
3066,37,F,2026-02-14,Bronce
3067,23,M,2024-10-15,Plata
3068,64,F,2025-10-15,Bronce
3069,30,M,2023-10-15,Bronce
3070,32,F,2025-08-17,Bronce
3071,75,F,2023-07-25,Bronce
3072,38,F,2024-05-10,Oro
3073,39,M,2024-04-12,Oro
3074,60,M,2026-04-29,Bronce
3075,34,M,2025-10-16,Plata
3076,20,F,2025-05-27,Plata
3077,47,F,2024-07-14,Bronce
3078,59,M,2023-07-31,Plata
3079,16,F,2023-09-12,Bronce
3080,38,F,2026-04-17,Bronce
3081,52,F,2024-07-28,Bronce
3082,23,M,2025-09-09,Bronce
3083,28,M,2025-10-11,Oro
3084,23,M,2026-03-07,Bronce
3085,72,F,2023-07-10,Bronce
3086,38,M,2024-02-22,Oro
3087,58,F,2024-09-19,Oro
3088,16,F,2023-06-13,Plata
3089,60,F,2024-04-05,Bronce
3090,66,F,2025-11-16,Plata
3091,39,M,2023-12-29,Bronce
3092,50,M,2025-01-27,Plata
3093,39,F,2023-09-16,Plata
3094,32,M,2024-08-26,Plata
3095,20,M,2024-01-27,Oro
3096,35,M,2025-10-12,Bronce
3097,36,M,2024-05-27,Bronce
3098,55,M,2025-10-16,Plata
3099,73,F,2025-01-13,Bronce
3100,46,F,2026-04-05,Plata
3101,61,F,2025-09-05,Plata
3102,51,M,2024-10-16,Bronce
3103,26,M,2025-01-05,Plata
3104,67,M,2023-12-23,Bronce
3105,30,F,2026-04-24,Bronce
3106,34,M,2023-09-18,Plata
3107,22,F,2025-07-05,Bronce
3108,66,F,2024-11-07,Plata
3109,43,M,2023-08-11,Plata
3110,66,M,2023-10-18,Plata
3111,58,Otro,2025-03-28,Bronce
3112,73,Otro,2024-05-14,Oro
3113,20,M,2023-09-15,Bronce
3114,20,M,2024-10-30,Plata
3115,45,Otro,2025-12-15,Plata
3116,69,M,2025-12-28,Bronce
3117,47,M,2025-11-30,Bronce
3118,23,M,2025-01-25,Oro
3119,25,F,2024-10-08,Bronce
3120,53,M,2023-07-05,Bronce
3121,62,M,2026-01-29,Bronce
3122,47,M,2024-07-17,Oro
3123,63,F,2025-04-18,Plata
3124,43,Otro,2025-06-20,Oro
3125,32,F,2024-05-08,Plata
3126,46,F,2024-11-22,Bronce
3127,23,F,2025-09-25,Oro
3128,55,M,2024-12-23,Bronce
3129,40,M,2025-03-20,Oro
3130,24,F,2024-03-03,Bronce
3131,17,M,2026-04-09,Bronce
3132,30,M,2025-11-15,Bronce
3133,65,F,2026-03-11,Oro
3134,18,M,2024-12-30,Oro
3135,64,M,2023-09-30,Plata
3136,51,Otro,2026-01-04,Bronce
3137,19,F,2024-08-20,Plata
3138,29,M,2024-06-05,Bronce
3139,56,Otro,2023-09-11,Bronce
3140,56,F,2023-09-24,Plata
3141,40,F,2024-07-09,Plata
3142,73,M,2024-01-14,Bronce
3143,70,M,2024-12-30,Bronce
3144,65,F,2026-01-28,Plata
3145,25,F,2024-01-14,Bronce
3146,36,F,2025-01-14,Bronce
3147,51,M,2024-09-22,Bronce
3148,27,M,2024-11-30,Bronce
3149,42,F,2023-11-01,Plata
3150,55,M,2023-10-09,Bronce
3151,17,F,2023-05-28,Bronce
3152,69,M,2024-09-09,Bronce
3153,28,M,2025-04-09,Plata
3154,68,F,2024-11-29,Plata
3155,47,F,2024-07-12,Bronce
3156,46,M,2023-10-25,Bronce
3157,31,M,2023-12-11,Bronce
3158,47,F,2023-10-02,Plata
3159,47,M,2024-03-06,Bronce
3160,75,F,2025-03-19,Oro
3161,49,Otro,2025-04-16,Bronce
3162,26,M,2025-10-01,Plata
3163,25,F,2025-09-27,Plata
3164,30,M,2025-07-24,Oro
3165,32,F,2025-02-11,Bronce
3166,55,M,2023-10-27,Plata
3167,33,Otro,2023-06-29,Plata
3168,70,M,2023-10-06,Plata
3169,24,M,2024-11-19,Plata
3170,40,Otro,2025-09-26,Plata
3171,55,F,2023-10-11,Plata
3172,74,F,2025-12-02,Plata
3173,29,M,2025-12-04,Oro
3174,75,F,2024-10-04,Bronce
3175,73,M,2025-01-07,Plata
3176,40,M,2023-06-08,Bronce
3177,65,F,2024-08-15,Bronce
3178,37,M,2025-02-20,Bronce
3179,67,F,2025-01-11,Oro
3180,45,F,2023-09-28,Bronce
3181,35,F,2025-10-05,Bronce
3182,36,F,2024-05-31,Bronce
3183,59,F,2025-10-24,Plata
3184,47,M,2025-08-06,Bronce
3185,66,F,2024-02-07,Plata
3186,61,M,2026-04-18,Plata
3187,64,M,2024-12-31,Bronce
3188,71,F,2024-02-07,Bronce
3189,36,F,2023-12-21,Bronce
3190,50,F,2024-07-10,Plata
3191,73,M,2024-08-29,Plata
3192,47,F,2024-07-09,Bronce
3193,45,M,2025-06-24,Plata
3194,70,F,2024-01-01,Bronce
3195,54,F,2023-08-26,Plata
3196,64,F,2024-02-03,Bronce
3197,27,M,2025-03-25,Bronce
3198,56,M,2024-07-21,Bronce
3199,62,M,2025-03-04,Oro
3200,33,F,2024-08-27,Bronce
3201,36,F,2025-06-10,Bronce
3202,28,M,2023-09-16,Oro
3203,36,F,2024-11-30,Plata
3204,23,F,2024-06-14,Plata
3205,61,F,2024-06-06,Plata
3206,55,F,2026-01-14,Plata
3207,61,F,2025-06-28,Bronce
3208,22,M,2025-11-27,Bronce
3209,38,M,2026-01-01,Plata
3210,59,M,2024-03-18,Oro
3211,47,Otro,2025-04-30,Plata
3212,26,F,2023-11-02,Bronce
3213,37,F,2023-12-16,Bronce
3214,37,M,2024-09-04,Bronce
3215,58,M,2023-05-30,Bronce
3216,40,M,2025-01-23,Bronce
3217,37,M,2024-10-17,Bronce
3218,43,F,2026-01-07,Bronce
3219,44,Otro,2024-12-30,Plata
3220,28,F,2024-10-12,Plata
3221,33,F,2025-04-02,Bronce
3222,17,M,2024-10-20,Bronce
3223,44,M,2025-03-18,Bronce
3224,36,M,2026-02-24,Plata
3225,30,F,2025-11-28,Oro
3226,67,F,2023-12-17,Bronce
3227,42,M,2024-08-28,Plata
3228,65,M,2024-09-29,Plata
3229,46,M,2025-12-12,Plata
3230,30,M,2026-05-04,Oro
3231,66,M,2024-03-27,Bronce
3232,38,M,2025-06-02,Bronce
3233,39,M,2024-09-19,Oro
3234,59,F,2024-02-19,Bronce
3235,28,F,2025-01-27,Oro
3236,37,M,2024-09-26,Oro
3237,58,M,2024-08-14,Bronce
3238,52,M,2026-05-03,Bronce
3239,48,M,2026-01-27,Oro
3240,71,M,2025-06-20,Bronce
3241,18,F,2025-10-30,Bronce
3242,69,F,2024-05-30,Plata
3243,34,F,2024-10-07,Oro
3244,38,M,2024-12-24,Plata
3245,44,F,2024-07-28,Bronce
3246,45,M,2025-01-19,Bronce
3247,54,M,2024-12-07,Oro
3248,59,F,2023-11-12,Bronce
3249,62,F,2025-10-11,Bronce
3250,40,F,2024-03-25,Bronce
3251,52,F,2025-11-24,Plata
3252,62,F,2025-09-13,Plata
3253,23,F,2024-02-23,Plata
3254,57,F,2026-04-13,Bronce
3255,73,F,2025-09-20,Plata
3256,31,F,2023-06-30,Oro
3257,23,Otro,2025-05-06,Bronce
3258,16,F,2024-04-09,Bronce
3259,59,M,2025-03-31,Bronce
3260,20,F,2024-08-14,Oro
3261,18,M,2026-04-30,Bronce
3262,16,M,2023-09-04,Oro
3263,19,M,2025-02-13,Bronce
3264,55,F,2026-03-30,Bronce
3265,50,F,2025-07-03,Plata
3266,47,M,2023-12-22,Plata
3267,57,M,2026-01-27,Bronce
3268,49,M,2024-09-01,Bronce
3269,58,F,2024-05-29,Oro
3270,40,M,2024-06-15,Plata
3271,25,M,2026-03-08,Bronce
3272,36,M,2024-01-14,Oro
3273,61,F,2025-03-07,Bronce
3274,54,M,2024-12-25,Bronce
3275,42,F,2023-09-11,Bronce
3276,42,M,2025-04-16,Bronce
3277,17,F,2025-12-03,Oro
3278,56,M,2025-06-02,Oro
3279,63,F,2025-11-09,Plata
3280,28,M,2025-01-31,Plata
3281,24,F,2025-08-27,Oro
3282,67,F,2025-07-14,Oro
3283,51,F,2026-04-28,Bronce
3284,37,F,2025-02-27,Bronce
3285,57,M,2025-09-10,Bronce
3286,41,F,2023-07-16,Plata
3287,73,F,2024-11-28,Bronce
3288,69,M,2026-05-13,Bronce
3289,27,F,2025-08-31,Bronce
3290,32,M,2025-11-27,Plata
3291,29,M,2026-02-04,Plata
3292,29,M,2023-09-29,Bronce
3293,72,M,2023-11-05,Oro
3294,49,F,2024-06-08,Bronce
3295,68,M,2026-03-06,Plata
3296,72,M,2026-03-17,Bronce
3297,35,M,2024-11-21,Bronce
3298,26,F,2024-02-02,Bronce
3299,31,F,2026-02-18,Plata
3300,66,M,2025-12-26,Bronce
3301,46,M,2023-07-27,Bronce
3302,70,M,2025-10-10,Plata
3303,21,F,2026-02-15,Bronce
3304,71,F,2026-04-06,Bronce
3305,34,M,2026-02-17,Plata
3306,52,M,2025-01-29,Bronce
3307,73,F,2024-10-16,Plata
3308,19,F,2025-03-18,Oro
3309,62,M,2023-10-31,Plata
3310,19,M,2023-06-05,Oro
3311,35,M,2023-10-20,Plata
3312,25,F,2024-06-24,Bronce
3313,39,F,2024-04-28,Plata
3314,69,F,2025-07-21,Bronce
3315,50,F,2025-08-02,Bronce
3316,41,M,2025-10-02,Oro
3317,52,F,2025-11-06,Bronce
3318,53,F,2026-04-22,Bronce
3319,36,M,2025-10-29,Bronce
3320,69,F,2024-04-27,Oro
3321,55,M,2025-04-11,Plata
3322,54,M,2024-12-21,Bronce
3323,36,F,2025-01-16,Plata
3324,25,F,2025-05-08,Bronce
3325,53,F,2026-04-09,Plata
3326,61,M,2025-11-19,Bronce
3327,19,F,2026-04-26,Plata
3328,75,F,2025-07-05,Plata
3329,72,M,2024-01-09,Bronce
3330,60,Otro,2024-11-05,Plata
3331,35,F,2023-06-27,Plata
3332,32,M,2025-06-07,Plata
3333,70,F,2023-10-29,Plata
3334,22,M,2024-08-20,Bronce
3335,19,M,2025-02-24,Bronce
3336,44,M,2023-09-30,Plata
3337,29,Otro,2023-11-16,Oro
3338,18,M,2023-12-26,Oro
3339,39,F,2024-11-11,Bronce
3340,52,M,2024-09-15,Bronce
3341,31,F,2024-11-02,Bronce
3342,73,F,2025-04-26,Plata
3343,70,F,2024-04-05,Bronce
3344,67,M,2025-08-06,Bronce
3345,19,F,2025-06-08,Plata
3346,71,Otro,2024-11-11,Plata
3347,39,F,2025-05-28,Bronce
3348,49,F,2023-10-18,Bronce
3349,45,F,2025-03-30,Plata
3350,33,M,2026-05-06,Plata
3351,34,F,2025-04-21,Oro
3352,46,F,2024-09-26,Plata
3353,75,M,2023-09-01,Plata
3354,75,M,2024-08-28,Plata
3355,34,M,2023-07-28,Bronce
3356,64,F,2023-11-14,Bronce
3357,61,F,2023-06-24,Bronce
3358,34,M,2024-11-02,Plata
3359,37,M,2026-02-19,Plata
3360,39,M,2023-11-05,Bronce
3361,60,M,2026-04-05,Oro
3362,27,M,2024-01-30,Oro
3363,45,F,2024-06-01,Oro
3364,73,M,2025-07-29,Plata
3365,53,F,2024-02-15,Oro
3366,68,F,2025-09-23,Bronce
3367,46,M,2024-01-23,Plata
3368,51,F,2024-10-15,Bronce
3369,34,F,2025-10-05,Bronce
3370,63,F,2025-03-12,Bronce
3371,60,M,2025-05-06,Bronce
3372,51,M,2024-05-14,Bronce
3373,45,M,2025-02-07,Bronce
3374,70,M,2026-01-22,Bronce
3375,64,M,2024-03-01,Plata
3376,70,M,2024-03-04,Oro
3377,48,M,2026-02-07,Oro
3378,33,M,2026-03-06,Oro
3379,67,M,2025-03-21,Oro
3380,64,M,2025-01-23,Oro
3381,74,Otro,2023-07-04,Bronce
3382,43,M,2025-12-28,Bronce
3383,74,F,2024-03-21,Plata
3384,62,M,2025-04-17,Bronce
3385,26,F,2025-11-24,Oro
3386,72,M,2025-03-17,Bronce
3387,75,F,2025-01-13,Plata
3388,69,F,2023-05-26,Plata
3389,60,M,2026-05-18,Plata
3390,48,F,2024-04-17,Bronce
3391,32,F,2024-04-03,Bronce
3392,21,M,2024-07-25,Oro
3393,19,F,2026-05-17,Plata
3394,35,F,2023-08-25,Bronce
3395,63,F,2025-11-01,Bronce
3396,62,M,2023-10-25,Bronce
3397,42,F,2025-08-31,Bronce
3398,30,F,2024-03-05,Bronce
3399,21,F,2024-12-08,Plata
3400,62,F,2024-10-07,Bronce
3401,29,M,2024-03-21,Bronce
3402,75,F,2025-04-29,Plata
3403,26,M,2023-11-13,Bronce
3404,54,M,2024-06-30,Plata
3405,24,F,2026-03-26,Bronce
3406,41,F,2025-06-18,Oro
3407,31,M,2025-08-16,Oro
3408,20,F,2026-02-05,Plata
3409,72,M,2024-09-17,Oro
3410,67,M,2025-12-02,Plata
3411,25,F,2025-01-12,Bronce
3412,65,M,2025-12-24,Bronce
3413,18,M,2025-01-18,Bronce
3414,28,M,2025-11-16,Bronce
3415,58,F,2023-11-13,Bronce
3416,64,M,2024-11-10,Oro
3417,45,M,2024-11-16,Bronce
3418,69,F,2025-04-30,Plata
3419,60,F,2026-01-03,Bronce
3420,21,M,2024-02-12,Oro
3421,32,F,2026-03-31,Bronce
3422,74,M,2024-08-24,Bronce
3423,60,Otro,2025-12-29,Oro
3424,66,M,2025-11-21,Bronce
3425,68,M,2023-09-28,Bronce
3426,34,M,2026-03-29,Bronce
3427,57,M,2023-12-14,Oro
3428,50,F,2024-09-17,Bronce
3429,61,M,2023-11-19,Plata
3430,41,M,2024-05-24,Plata
3431,66,F,2024-09-05,Bronce
3432,20,F,2023-11-17,Bronce
3433,44,M,2024-02-28,Bronce
3434,52,M,2024-12-19,Oro
3435,35,M,2026-05-01,Bronce
3436,64,M,2023-12-25,Plata
3437,36,M,2025-07-21,Oro
3438,25,F,2025-01-12,Bronce
3439,20,F,2025-02-27,Oro
3440,51,M,2025-12-01,Oro
3441,21,M,2023-12-20,Bronce
3442,41,M,2025-10-28,Plata
3443,19,M,2025-01-05,Bronce
3444,54,M,2025-03-07,Bronce
3445,54,F,2024-03-03,Plata
3446,65,F,2025-06-14,Bronce
3447,50,Otro,2026-01-31,Plata
3448,16,F,2025-08-31,Plata
3449,39,M,2026-05-01,Plata
3450,72,F,2026-02-15,Bronce
3451,51,M,2024-02-13,Oro
3452,21,M,2025-09-28,Plata
3453,56,F,2024-02-03,Oro
3454,69,M,2025-06-18,Bronce
3455,61,F,2024-08-10,Plata
3456,75,M,2023-12-23,Oro
3457,59,F,2024-03-05,Plata
3458,75,F,2024-09-19,Plata
3459,72,F,2025-04-19,Plata
3460,46,F,2026-01-06,Plata
3461,35,M,2023-08-11,Plata
3462,39,F,2024-11-27,Oro
3463,40,Otro,2023-06-03,Plata
3464,51,F,2025-06-10,Bronce
3465,36,F,2023-12-18,Bronce
3466,45,F,2024-03-18,Bronce
3467,39,F,2025-01-05,Plata
3468,59,F,2025-10-08,Plata
3469,57,F,2025-07-13,Plata
3470,45,F,2026-02-27,Bronce
3471,37,M,2025-06-26,Plata
3472,43,M,2025-02-13,Oro
3473,22,M,2026-04-17,Plata
3474,50,M,2025-06-21,Plata
3475,70,M,2025-02-23,Plata
3476,43,F,2025-04-08,Plata
3477,29,M,2025-06-17,Oro
3478,71,M,2024-02-03,Bronce
3479,25,F,2023-09-25,Bronce
3480,31,Otro,2025-10-14,Bronce
3481,31,F,2023-07-06,Bronce
3482,69,Otro,2024-04-26,Bronce
3483,46,F,2024-08-15,Plata
3484,57,M,2023-07-09,Plata
3485,40,F,2024-07-19,Bronce
3486,28,F,2024-05-03,Plata
3487,21,M,2025-09-01,Bronce
3488,59,M,2024-08-10,Oro
3489,24,F,2024-02-05,Bronce
3490,60,M,2025-04-29,Bronce
3491,51,F,2025-10-14,Plata
3492,71,M,2025-06-27,Bronce
3493,58,F,2025-09-19,Bronce
3494,35,F,2025-07-21,Oro
3495,33,M,2023-11-11,Bronce
3496,73,M,2025-10-25,Bronce
3497,58,F,2023-11-13,Bronce
3498,72,F,2024-07-09,Bronce
3499,36,F,2025-09-09,Bronce
3500,19,F,2024-12-09,Plata
3501,65,F,2025-09-08,Oro
3502,48,M,2023-07-23,Oro
3503,42,M,2025-04-04,Bronce
3504,22,M,2025-09-14,Plata
3505,21,F,2024-04-23,Bronce
3506,30,M,2025-03-10,Bronce
3507,33,M,2023-10-26,Bronce
3508,47,F,2026-02-28,Oro
3509,71,F,2024-06-07,Bronce
3510,26,M,2024-08-24,Bronce
3511,35,M,2023-07-09,Bronce
3512,39,M,2025-04-17,Plata
3513,30,M,2024-07-01,Bronce
3514,63,F,2024-11-11,Oro
3515,22,M,2023-10-02,Plata
3516,36,F,2025-04-01,Bronce
3517,57,F,2023-11-18,Bronce
3518,41,M,2024-05-22,Plata
3519,59,Otro,2024-04-10,Bronce
3520,71,M,2025-11-18,Bronce
3521,29,M,2026-04-24,Plata
3522,72,M,2024-11-14,Bronce
3523,52,M,2025-12-23,Plata
3524,73,M,2026-01-26,Bronce
3525,36,M,2025-03-15,Plata
3526,33,F,2024-02-01,Bronce
3527,20,F,2026-01-01,Plata
3528,18,F,2023-12-22,Plata
3529,38,M,2024-04-04,Bronce
3530,41,F,2024-04-05,Plata
3531,52,F,2023-08-20,Plata
3532,39,F,2025-10-21,Plata
3533,64,F,2024-11-14,Plata
3534,34,F,2025-08-23,Bronce
3535,66,M,2024-07-29,Bronce
3536,40,F,2025-12-02,Bronce
3537,36,M,2025-09-02,Bronce
3538,27,Otro,2024-02-05,Bronce
3539,72,M,2024-10-03,Bronce
3540,56,M,2026-05-17,Bronce
3541,48,M,2024-08-16,Plata
3542,65,F,2024-08-11,Bronce
3543,68,M,2025-10-25,Bronce
3544,19,M,2024-07-08,Plata
3545,57,F,2025-07-27,Plata
3546,72,F,2026-04-09,Bronce
3547,22,M,2023-10-14,Bronce
3548,37,M,2023-12-16,Plata
3549,70,F,2025-02-17,Plata
3550,48,F,2023-08-20,Plata
3551,32,F,2024-07-23,Bronce
3552,39,F,2026-03-03,Oro
3553,49,M,2023-12-03,Bronce
3554,43,F,2026-05-13,Oro
3555,73,F,2023-12-12,Plata
3556,58,F,2024-06-10,Oro
3557,56,M,2024-01-02,Plata
3558,54,F,2024-10-01,Oro
3559,37,F,2024-06-07,Plata
3560,64,M,2026-04-04,Plata
3561,32,F,2025-01-19,Plata
3562,49,F,2025-06-18,Bronce
3563,21,F,2023-12-26,Plata
3564,61,F,2025-11-01,Bronce
3565,21,F,2026-01-26,Bronce
3566,49,F,2024-07-10,Bronce
3567,16,M,2026-01-19,Plata
3568,25,M,2025-02-21,Plata
3569,36,M,2024-12-22,Plata
3570,20,F,2025-04-21,Oro
3571,17,F,2023-09-14,Plata
3572,37,F,2026-01-28,Plata
3573,63,F,2023-10-11,Bronce
3574,72,F,2025-02-03,Bronce
3575,17,Otro,2025-07-28,Bronce
3576,25,M,2024-07-25,Bronce
3577,49,F,2026-05-03,Bronce
3578,31,M,2024-12-13,Plata
3579,63,F,2025-04-25,Bronce
3580,66,F,2025-06-16,Plata
3581,54,F,2024-10-09,Plata
3582,37,M,2025-11-09,Plata
3583,27,M,2023-05-23,Plata
3584,39,F,2023-10-11,Plata
3585,62,F,2025-05-01,Bronce
3586,55,M,2026-01-30,Bronce
3587,53,F,2026-03-16,Bronce
3588,75,M,2026-05-07,Oro
3589,74,F,2024-11-26,Plata
3590,25,F,2023-08-26,Plata
3591,50,F,2025-08-27,Plata
3592,66,Otro,2025-01-26,Bronce
3593,64,F,2024-04-22,Plata
3594,47,F,2025-03-17,Bronce
3595,22,M,2024-04-13,Bronce
3596,36,M,2025-06-26,Bronce
3597,35,M,2024-07-10,Bronce
3598,41,F,2024-10-02,Plata
3599,19,M,2024-08-02,Bronce
3600,61,M,2024-10-25,Plata
3601,67,M,2025-09-16,Plata
3602,37,M,2025-11-02,Bronce
3603,30,M,2023-12-08,Plata
3604,71,F,2025-10-15,Bronce
3605,55,F,2025-06-11,Oro
3606,36,F,2024-11-03,Bronce
3607,30,F,2026-04-14,Bronce
3608,37,M,2023-08-03,Plata
3609,67,F,2023-07-30,Bronce
3610,43,M,2023-10-21,Plata
3611,29,M,2026-01-16,Bronce
3612,42,F,2025-05-02,Plata
3613,56,M,2023-06-14,Bronce
3614,55,F,2023-11-28,Bronce
3615,73,M,2024-01-20,Bronce
3616,43,F,2025-04-04,Plata
3617,41,F,2025-04-28,Bronce
3618,64,M,2023-05-21,Plata
3619,17,F,2025-03-14,Plata
3620,40,M,2024-03-29,Bronce
3621,71,F,2026-04-23,Bronce
3622,18,M,2023-12-10,Plata
3623,23,F,2026-02-22,Bronce
3624,59,F,2024-08-30,Bronce
3625,48,M,2024-01-21,Oro
3626,57,F,2024-07-18,Oro
3627,67,F,2023-10-11,Oro
3628,50,F,2026-03-01,Bronce
3629,21,F,2024-11-29,Bronce
3630,54,M,2024-06-11,Bronce
3631,67,F,2023-09-25,Plata
3632,38,M,2024-12-17,Plata
3633,40,M,2026-03-17,Bronce
3634,74,Otro,2026-02-21,Plata
3635,65,F,2024-02-01,Bronce
3636,58,M,2023-08-08,Bronce
3637,34,M,2025-01-24,Oro
3638,20,F,2026-01-15,Plata
3639,66,M,2024-09-05,Bronce
3640,26,M,2026-05-10,Plata
3641,71,M,2024-05-17,Plata
3642,27,F,2025-03-16,Bronce
3643,25,F,2026-03-03,Bronce
3644,23,M,2023-10-08,Bronce
3645,39,F,2026-05-17,Plata
3646,75,M,2023-10-14,Oro
3647,43,F,2023-05-21,Oro
3648,56,Otro,2024-04-15,Plata
3649,51,F,2025-05-29,Bronce
3650,52,F,2023-09-18,Bronce
3651,36,F,2023-12-12,Bronce
3652,23,F,2025-11-27,Plata
3653,70,F,2024-05-05,Bronce
3654,24,F,2025-08-03,Plata
3655,62,M,2026-04-10,Bronce
3656,30,M,2025-04-10,Bronce
3657,63,F,2023-06-03,Plata
3658,61,F,2023-06-01,Bronce
3659,55,M,2026-05-04,Bronce
3660,33,M,2024-11-03,Plata
3661,57,F,2023-11-23,Bronce
3662,75,F,2025-03-06,Bronce
3663,35,F,2026-05-02,Plata
3664,21,F,2023-12-11,Bronce
3665,27,F,2025-05-31,Oro
3666,17,F,2023-09-07,Plata
3667,22,F,2024-05-09,Bronce
3668,31,F,2025-01-04,Bronce
3669,18,F,2023-10-05,Bronce
3670,60,M,2023-10-26,Bronce
3671,18,M,2023-10-27,Plata
3672,42,Otro,2024-09-17,Bronce
3673,65,M,2024-12-10,Plata
3674,58,M,2024-08-26,Bronce
3675,55,F,2023-12-19,Bronce
3676,53,F,2025-01-03,Plata
3677,48,M,2023-12-12,Oro
3678,43,M,2026-02-09,Plata
3679,16,M,2026-04-05,Oro
3680,70,F,2023-12-27,Oro
3681,23,M,2023-09-03,Oro
3682,52,M,2025-08-21,Bronce
3683,47,M,2025-10-11,Oro
3684,75,F,2023-06-02,Bronce
3685,63,M,2025-12-23,Plata
3686,58,M,2026-02-22,Plata
3687,52,F,2024-01-29,Oro
3688,19,Otro,2025-04-02,Bronce
3689,45,F,2024-11-15,Plata
3690,21,Otro,2024-04-14,Bronce
3691,61,F,2026-01-19,Plata
3692,69,M,2024-01-10,Bronce
3693,34,F,2025-02-17,Plata
3694,47,M,2026-01-01,Plata
3695,24,F,2026-04-20,Oro
3696,27,M,2025-04-06,Oro
3697,26,M,2024-04-21,Bronce
3698,61,F,2023-10-01,Bronce
3699,70,M,2023-10-23,Oro
3700,31,F,2023-12-23,Oro
3701,16,M,2023-11-27,Bronce
3702,60,M,2025-11-20,Bronce
3703,70,F,2025-01-05,Plata
3704,68,F,2024-11-16,Oro
3705,36,F,2025-03-17,Bronce
3706,45,M,2024-09-19,Bronce
3707,28,F,2023-12-23,Bronce
3708,49,F,2024-06-07,Plata
3709,19,F,2024-07-23,Plata
3710,43,M,2026-02-14,Bronce
3711,53,F,2023-09-27,Plata
3712,73,F,2024-06-08,Plata
3713,46,F,2025-09-25,Bronce
3714,74,F,2025-12-08,Bronce
3715,70,F,2025-12-07,Bronce
3716,42,M,2025-12-18,Plata
3717,20,M,2024-08-04,Bronce
3718,40,F,2026-04-26,Plata
3719,18,M,2023-06-30,Bronce
3720,48,M,2026-03-07,Bronce
3721,19,M,2024-08-30,Plata
3722,40,M,2024-04-03,Plata
3723,35,F,2025-08-01,Bronce
3724,49,F,2025-12-17,Plata
3725,41,F,2025-07-19,Oro
3726,20,M,2024-03-08,Plata
3727,50,F,2025-01-17,Bronce
3728,43,F,2024-08-21,Oro
3729,44,Otro,2026-02-16,Oro
3730,24,F,2023-08-12,Bronce
3731,67,M,2024-05-25,Oro
3732,53,F,2025-06-26,Bronce
3733,65,Otro,2025-01-08,Plata
3734,21,F,2023-11-11,Bronce
3735,34,F,2024-05-28,Bronce
3736,75,M,2025-07-04,Bronce
3737,59,F,2026-02-04,Bronce
3738,72,F,2025-11-27,Plata
3739,26,M,2023-09-07,Plata
3740,17,F,2025-08-17,Bronce
3741,62,M,2023-06-07,Oro
3742,59,M,2024-11-30,Plata
3743,59,M,2024-09-22,Bronce
3744,24,M,2023-12-11,Plata
3745,36,F,2025-01-09,Oro
3746,39,M,2025-10-18,Bronce
3747,49,M,2025-03-03,Bronce
3748,37,F,2024-12-07,Plata
3749,18,F,2025-09-14,Bronce
3750,27,F,2026-04-14,Bronce
3751,43,M,2024-02-12,Oro
3752,45,F,2025-05-20,Oro
3753,41,M,2023-09-10,Plata
3754,63,F,2023-06-14,Plata
3755,36,M,2025-11-17,Oro
3756,43,F,2023-09-01,Oro
3757,71,M,2023-06-10,Oro
3758,41,F,2024-06-30,Bronce
3759,48,F,2024-04-19,Oro
3760,36,M,2023-07-20,Bronce
3761,50,M,2023-08-21,Oro
3762,67,F,2025-01-27,Bronce
3763,49,Otro,2025-07-14,Bronce
3764,56,F,2024-08-07,Plata
3765,66,M,2026-01-20,Bronce
3766,62,M,2025-07-06,Bronce
3767,33,F,2025-02-23,Oro
3768,73,F,2025-03-08,Bronce
3769,26,F,2026-05-14,Oro
3770,72,F,2025-02-02,Bronce
3771,38,F,2023-09-25,Plata
3772,63,F,2026-02-08,Bronce
3773,37,M,2025-08-30,Plata
3774,32,M,2025-09-01,Bronce
3775,20,F,2025-12-31,Oro
3776,59,M,2024-01-12,Bronce
3777,26,M,2024-07-24,Plata
3778,45,M,2023-09-26,Bronce
3779,30,M,2024-09-12,Bronce
3780,42,F,2023-09-19,Plata
3781,50,F,2025-07-22,Oro
3782,48,F,2024-03-30,Oro
3783,35,M,2024-01-16,Bronce
3784,31,F,2025-08-30,Oro
3785,49,M,2024-10-08,Oro
3786,17,F,2025-01-15,Plata
3787,50,F,2025-11-15,Oro
3788,55,M,2026-01-29,Oro
3789,71,F,2026-02-22,Bronce
3790,43,F,2026-04-11,Bronce
3791,62,M,2026-02-12,Bronce
3792,54,F,2023-08-30,Bronce
3793,21,M,2024-09-12,Oro
3794,24,M,2026-05-09,Oro
3795,35,F,2025-03-29,Bronce
3796,75,F,2024-05-24,Bronce
3797,16,F,2023-08-17,Plata
3798,23,M,2024-06-02,Oro
3799,70,M,2023-09-30,Plata
3800,38,F,2025-03-24,Oro
3801,18,M,2023-11-16,Plata
3802,19,F,2025-04-23,Plata
3803,73,F,2025-12-26,Plata
3804,40,F,2025-12-20,Bronce
3805,62,F,2023-08-13,Oro
3806,53,M,2024-09-11,Bronce
3807,30,M,2026-03-19,Plata
3808,36,M,2026-03-07,Bronce
3809,50,F,2024-02-16,Bronce
3810,72,F,2023-11-21,Bronce
3811,68,F,2023-06-08,Oro
3812,68,F,2023-12-19,Bronce
3813,61,Otro,2026-05-13,Plata
3814,67,M,2023-06-06,Plata
3815,29,M,2024-01-29,Bronce
3816,51,M,2025-06-29,Bronce
3817,27,F,2024-11-08,Plata
3818,32,M,2025-08-09,Bronce
3819,54,F,2025-07-31,Bronce
3820,24,F,2024-06-25,Bronce
3821,50,F,2024-02-03,Bronce
3822,75,F,2024-12-17,Oro
3823,28,M,2023-12-03,Bronce
3824,30,M,2024-07-10,Bronce
3825,33,F,2023-11-19,Plata
3826,66,M,2023-07-04,Bronce
3827,48,M,2024-10-21,Oro
3828,21,F,2025-03-16,Plata
3829,74,M,2024-07-15,Plata
3830,42,F,2025-08-10,Plata
3831,38,F,2023-08-27,Plata
3832,74,M,2024-07-01,Plata
3833,42,F,2025-10-31,Plata
3834,49,M,2026-01-18,Bronce
3835,71,F,2023-09-16,Plata
3836,61,M,2025-06-28,Bronce
3837,53,F,2025-04-26,Plata
3838,29,M,2025-07-21,Plata
3839,51,M,2024-11-29,Plata
3840,68,M,2023-08-14,Bronce
3841,23,M,2025-07-04,Bronce
3842,50,M,2025-10-16,Bronce
3843,34,F,2024-02-03,Bronce
3844,45,F,2024-12-11,Bronce
3845,29,M,2024-01-19,Bronce
3846,74,M,2024-06-19,Oro
3847,35,F,2023-10-26,Plata
3848,64,F,2025-10-27,Bronce
3849,40,M,2026-04-01,Bronce
3850,55,F,2023-11-15,Bronce
3851,39,M,2024-05-08,Bronce
3852,29,F,2025-07-18,Bronce
3853,41,M,2023-05-23,Bronce
3854,53,M,2023-07-27,Bronce
3855,38,F,2023-06-08,Plata
3856,37,M,2024-06-02,Oro
3857,63,F,2023-07-30,Bronce
3858,72,M,2025-05-21,Bronce
3859,34,F,2024-12-05,Bronce
3860,61,F,2025-01-03,Plata
3861,66,M,2024-01-08,Plata
3862,18,F,2024-02-22,Plata
3863,57,F,2023-07-13,Bronce
3864,34,F,2025-09-24,Plata
3865,24,F,2026-03-03,Plata
3866,43,F,2025-03-01,Plata
3867,35,M,2024-05-02,Plata
3868,60,M,2024-09-30,Plata
3869,22,F,2024-06-08,Bronce
3870,29,F,2025-02-24,Plata
3871,24,M,2024-09-28,Bronce
3872,74,F,2024-07-14,Plata
3873,75,F,2023-09-17,Bronce
3874,70,M,2025-10-23,Oro
3875,72,M,2024-12-19,Bronce
3876,75,F,2023-11-21,Oro
3877,34,M,2025-07-07,Bronce
3878,62,F,2026-03-30,Plata
3879,67,F,2023-08-09,Bronce
3880,29,M,2024-02-22,Oro
3881,71,M,2024-04-30,Plata
3882,53,M,2025-07-29,Bronce
3883,68,F,2023-07-30,Oro
3884,51,F,2025-01-31,Oro
3885,55,M,2023-09-04,Plata
3886,32,F,2025-05-11,Plata
3887,45,M,2024-07-31,Bronce
3888,24,M,2024-09-13,Bronce
3889,48,M,2024-10-09,Bronce
3890,71,M,2023-10-01,Plata
3891,67,M,2025-09-25,Plata
3892,40,M,2025-04-28,Plata
3893,29,F,2023-06-01,Plata
3894,26,F,2024-12-13,Bronce
3895,68,M,2024-03-26,Plata
3896,50,M,2024-08-14,Bronce
3897,56,M,2025-10-11,Oro
3898,74,M,2024-09-03,Bronce
3899,29,F,2026-01-11,Plata
3900,45,M,2024-05-30,Bronce
3901,56,M,2025-05-09,Oro
3902,19,M,2024-12-12,Oro
3903,74,M,2025-11-24,Bronce
3904,19,M,2025-06-24,Bronce
3905,43,F,2024-03-18,Bronce
3906,23,M,2025-09-15,Plata
3907,17,M,2024-06-03,Plata
3908,56,F,2024-01-08,Bronce
3909,61,F,2023-05-29,Oro
3910,37,F,2025-02-14,Bronce
3911,56,F,2023-06-26,Oro
3912,71,M,2024-05-15,Bronce
3913,70,F,2025-09-07,Oro
3914,31,F,2024-11-08,Bronce
3915,44,M,2026-01-31,Bronce
3916,64,F,2026-05-01,Bronce
3917,63,F,2023-06-03,Oro
3918,45,M,2024-10-21,Bronce
3919,27,M,2023-05-22,Bronce
3920,50,M,2026-03-06,Oro
3921,26,M,2024-12-24,Bronce
3922,61,M,2024-09-08,Plata
3923,65,F,2023-10-28,Bronce
3924,36,F,2024-04-02,Plata
3925,36,M,2025-08-20,Bronce
3926,20,F,2024-05-23,Bronce
3927,63,M,2025-03-02,Oro
3928,35,M,2025-06-22,Bronce
3929,52,F,2023-08-21,Bronce
3930,18,F,2023-12-27,Oro
3931,59,F,2024-07-27,Plata
3932,48,F,2023-10-11,Oro
3933,68,F,2023-07-27,Plata
3934,24,F,2024-05-13,Oro
3935,24,M,2025-08-04,Bronce
3936,19,F,2025-02-19,Plata
3937,50,Otro,2026-05-12,Bronce
3938,32,F,2024-12-18,Plata
3939,49,M,2025-05-01,Plata
3940,39,F,2023-09-28,Oro
3941,47,F,2025-11-07,Plata
3942,16,M,2023-10-15,Bronce
3943,23,Otro,2025-07-13,Oro
3944,60,M,2023-12-13,Bronce
3945,38,M,2026-02-02,Bronce
3946,62,F,2025-01-21,Bronce
3947,55,M,2023-09-13,Bronce
3948,27,M,2025-11-24,Oro
3949,69,F,2025-10-18,Bronce
3950,27,F,2023-08-24,Oro
3951,61,M,2025-03-25,Oro
3952,62,Otro,2026-03-14,Bronce
3953,30,F,2023-12-09,Bronce
3954,56,F,2024-05-21,Oro
3955,34,F,2024-08-15,Bronce
3956,41,F,2024-06-28,Oro
3957,67,M,2024-09-20,Bronce
3958,44,M,2025-01-19,Bronce
3959,37,F,2026-05-12,Bronce
3960,55,F,2024-10-07,Oro
3961,36,M,2024-09-25,Plata
3962,66,F,2025-04-22,Bronce
3963,53,F,2024-07-15,Bronce
3964,35,M,2024-05-16,Plata
3965,72,M,2023-09-13,Bronce
3966,44,M,2024-03-29,Bronce
3967,66,F,2023-12-17,Bronce
3968,19,M,2025-11-13,Bronce
3969,70,M,2023-11-05,Plata
3970,22,F,2024-01-16,Bronce
3971,43,F,2023-10-31,Plata
3972,43,M,2024-01-30,Oro
3973,19,M,2025-04-17,Bronce
3974,37,F,2025-05-12,Bronce
3975,27,F,2024-09-18,Bronce
3976,60,F,2025-02-09,Bronce
3977,18,F,2023-11-23,Plata
3978,37,M,2025-08-29,Bronce
3979,59,M,2024-11-26,Plata
3980,17,M,2024-04-06,Bronce
3981,39,M,2025-04-21,Bronce
3982,49,F,2024-09-09,Bronce
3983,42,M,2025-05-08,Bronce
3984,70,M,2024-07-04,Plata
3985,56,Otro,2023-11-22,Bronce
3986,16,M,2023-10-07,Plata
3987,23,M,2024-01-19,Plata
3988,38,M,2026-04-19,Bronce
3989,53,F,2024-09-03,Oro
3990,21,F,2026-05-18,Bronce
3991,37,M,2026-05-06,Bronce
3992,40,F,2025-12-12,Bronce
3993,33,F,2023-07-21,Plata
3994,32,F,2024-04-18,Oro
3995,27,F,2024-10-10,Bronce
3996,21,F,2024-01-05,Oro
3997,41,F,2023-10-08,Bronce
3998,42,M,2024-06-08,Plata
3999,23,M,2024-11-22,Bronce
4000,34,M,2025-01-24,Oro
4001,75,F,2025-07-25,Bronce
4002,57,F,2023-08-04,Bronce
4003,16,F,2026-04-05,Plata
4004,72,M,2024-08-26,Bronce
4005,44,F,2024-06-27,Plata
4006,60,F,2024-02-14,Bronce
4007,64,F,2023-07-07,Oro
4008,50,F,2025-02-06,Plata
4009,55,F,2025-04-21,Bronce
4010,29,F,2025-09-29,Bronce
4011,50,F,2025-09-20,Bronce
4012,63,F,2024-06-11,Plata
4013,60,M,2023-10-14,Bronce
4014,35,M,2025-05-06,Bronce
4015,71,F,2023-10-25,Bronce
4016,64,M,2023-12-23,Plata
4017,28,Otro,2023-11-24,Bronce
4018,53,M,2023-06-07,Plata
4019,64,F,2023-08-23,Oro
4020,61,M,2024-04-29,Plata
4021,64,M,2023-12-09,Plata
4022,23,F,2024-03-22,Bronce
4023,58,M,2025-01-31,Plata
4024,35,M,2024-12-18,Oro
4025,75,M,2026-04-20,Bronce
4026,48,F,2026-01-23,Oro
4027,41,M,2026-02-14,Plata
4028,54,F,2023-09-27,Bronce
4029,36,F,2025-11-09,Plata
4030,68,F,2025-11-15,Oro
4031,64,F,2024-06-25,Bronce
4032,57,F,2023-09-13,Bronce
4033,58,M,2023-06-22,Bronce
4034,69,F,2023-08-28,Oro
4035,56,M,2024-03-22,Plata
4036,24,F,2026-02-16,Bronce
4037,39,M,2025-04-07,Plata
4038,52,F,2023-12-06,Oro
4039,64,M,2023-10-09,Plata
4040,56,M,2024-10-16,Oro
4041,32,F,2023-11-26,Plata
4042,39,F,2023-07-25,Plata
4043,36,M,2025-05-05,Oro
4044,66,F,2023-08-06,Bronce
4045,74,F,2024-02-04,Plata
4046,54,Otro,2025-10-27,Plata
4047,70,F,2025-03-22,Oro
4048,56,M,2025-01-22,Plata
4049,54,M,2025-06-28,Plata
4050,28,F,2023-07-04,Bronce
4051,26,F,2025-01-03,Bronce
4052,61,M,2026-04-15,Bronce
4053,34,M,2025-03-12,Bronce
4054,26,F,2024-02-12,Bronce
4055,28,M,2024-11-19,Plata
4056,61,M,2024-04-17,Plata
4057,60,M,2024-03-05,Oro
4058,16,M,2024-07-20,Plata
4059,55,M,2024-07-27,Bronce
4060,59,F,2025-04-11,Plata
4061,34,M,2024-01-05,Bronce
4062,27,M,2023-07-12,Plata
4063,23,M,2025-12-28,Bronce
4064,23,M,2026-01-05,Bronce
4065,68,M,2026-01-02,Bronce
4066,60,F,2024-06-04,Bronce
4067,27,F,2026-02-18,Plata
4068,63,M,2024-08-20,Bronce
4069,48,M,2025-07-03,Oro
4070,60,M,2025-02-18,Bronce
4071,41,F,2025-09-21,Plata
4072,54,F,2025-06-02,Oro
4073,43,M,2023-08-22,Plata
4074,73,F,2023-10-03,Bronce
4075,20,M,2024-07-27,Oro
4076,23,F,2025-01-03,Bronce
4077,40,F,2023-12-19,Bronce
4078,42,F,2025-03-01,Plata
4079,61,F,2024-03-24,Plata
4080,38,M,2026-02-11,Bronce
4081,45,F,2025-08-13,Oro
4082,60,F,2024-06-10,Bronce
4083,62,F,2026-01-23,Bronce
4084,38,M,2025-09-10,Plata
4085,64,M,2023-06-19,Bronce
4086,62,F,2025-01-03,Plata
4087,35,F,2024-11-27,Bronce
4088,33,F,2025-06-03,Bronce
4089,33,F,2025-09-11,Oro
4090,17,F,2025-06-10,Oro
4091,19,F,2024-11-04,Plata
4092,45,F,2025-10-14,Bronce
4093,48,F,2025-07-08,Bronce
4094,51,M,2024-09-30,Plata
4095,33,M,2025-01-12,Bronce
4096,52,F,2024-07-13,Plata
4097,34,M,2024-02-23,Oro
4098,62,F,2023-06-29,Bronce
4099,43,M,2024-09-26,Bronce
4100,55,M,2025-12-02,Oro
4101,35,F,2024-04-24,Bronce
4102,64,F,2023-07-04,Oro
4103,48,M,2024-07-29,Bronce
4104,27,F,2023-08-19,Plata
4105,73,F,2025-05-21,Plata
4106,66,F,2025-08-19,Oro
4107,30,M,2024-11-25,Bronce
4108,56,F,2025-11-12,Plata
4109,54,F,2024-05-15,Oro
4110,17,M,2024-01-22,Plata
4111,44,F,2023-10-22,Oro
4112,56,F,2024-06-08,Plata
4113,25,F,2026-03-05,Bronce
4114,17,F,2024-05-28,Plata
4115,66,M,2024-07-07,Bronce
4116,26,M,2025-08-26,Bronce
4117,28,F,2023-08-14,Bronce
4118,25,F,2024-04-24,Plata
4119,29,F,2025-10-30,Plata
4120,33,F,2025-01-12,Plata
4121,66,M,2024-11-21,Bronce
4122,69,M,2024-02-13,Plata
4123,24,M,2024-02-17,Bronce
4124,72,M,2024-05-21,Plata
4125,54,F,2025-11-25,Oro
4126,43,M,2024-09-25,Bronce
4127,18,F,2026-05-07,Plata
4128,35,M,2024-11-27,Oro
4129,21,F,2025-11-23,Oro
4130,42,F,2023-07-02,Plata
4131,68,M,2026-05-16,Bronce
4132,17,M,2026-05-12,Plata
4133,44,M,2024-11-16,Bronce
4134,53,F,2025-10-17,Bronce
4135,18,M,2025-10-11,Bronce
4136,31,F,2023-12-26,Bronce
4137,45,Otro,2025-10-10,Oro
4138,55,F,2024-03-07,Plata
4139,17,M,2025-06-22,Bronce
4140,32,F,2025-09-08,Oro
4141,56,M,2024-09-11,Plata
4142,27,M,2024-02-16,Oro
4143,50,F,2025-06-19,Plata
4144,58,F,2023-07-17,Plata
4145,16,M,2023-10-07,Bronce
4146,70,M,2023-08-15,Bronce
4147,60,M,2024-05-15,Plata
4148,30,F,2025-12-09,Plata
4149,41,M,2024-04-23,Bronce
4150,52,Otro,2023-06-19,Bronce
4151,36,F,2025-08-14,Bronce
4152,64,F,2025-05-31,Oro
4153,46,M,2023-05-21,Bronce
4154,40,F,2024-10-16,Plata
4155,38,F,2025-12-29,Bronce
4156,39,F,2024-03-27,Bronce
4157,72,M,2023-12-08,Bronce
4158,53,M,2024-10-30,Plata
4159,43,M,2024-02-19,Oro
4160,36,F,2024-10-03,Oro
4161,69,F,2023-08-20,Oro
4162,58,F,2023-06-23,Plata
4163,33,M,2024-01-04,Bronce
4164,51,M,2025-11-16,Bronce
4165,50,M,2026-05-18,Bronce
4166,60,M,2023-12-26,Plata
4167,70,M,2023-11-08,Plata
4168,24,F,2025-08-14,Bronce
4169,68,F,2024-12-06,Plata
4170,53,F,2023-09-09,Plata
4171,73,M,2024-12-20,Bronce
4172,45,M,2026-05-18,Plata
4173,75,M,2026-03-13,Plata
4174,59,F,2025-01-23,Plata
4175,49,M,2025-11-15,Bronce
4176,47,F,2023-10-23,Bronce
4177,18,M,2024-10-23,Bronce
4178,18,F,2024-08-30,Plata
4179,43,F,2024-10-02,Oro
4180,59,M,2023-12-17,Bronce
4181,30,F,2024-01-19,Plata
4182,56,M,2025-03-28,Bronce
4183,38,F,2026-02-06,Bronce
4184,55,M,2025-06-14,Oro
4185,26,M,2026-02-21,Oro
4186,63,F,2024-09-23,Oro
4187,47,F,2024-02-14,Plata
4188,73,M,2025-10-09,Bronce
4189,74,F,2026-05-01,Oro
4190,72,M,2025-12-28,Plata
4191,69,M,2024-11-24,Plata
4192,51,F,2024-04-30,Bronce
4193,75,M,2026-03-18,Plata
4194,48,M,2025-11-19,Plata
4195,39,F,2024-02-16,Bronce
4196,54,M,2024-12-27,Bronce
4197,49,F,2024-09-07,Oro
4198,71,M,2026-04-23,Bronce
4199,43,M,2024-08-19,Bronce
4200,52,M,2023-12-03,Plata
4201,22,F,2024-02-20,Bronce
4202,19,F,2023-05-22,Bronce
4203,52,M,2026-05-14,Bronce
4204,71,M,2025-10-25,Plata
4205,16,F,2025-01-17,Bronce
4206,16,M,2025-10-17,Bronce
4207,62,F,2023-07-09,Bronce
4208,35,M,2024-02-26,Plata
4209,34,F,2025-12-10,Oro
4210,44,M,2024-09-25,Bronce
4211,25,F,2025-12-24,Oro
4212,75,F,2024-04-27,Bronce
4213,33,M,2026-02-06,Plata
4214,43,M,2025-10-14,Bronce
4215,50,F,2023-10-28,Bronce
4216,58,F,2025-06-28,Bronce
4217,62,M,2023-12-24,Bronce
4218,46,M,2024-10-15,Plata
4219,42,F,2023-09-17,Bronce
4220,26,M,2024-05-23,Bronce
4221,64,F,2024-11-08,Bronce
4222,64,M,2024-09-27,Bronce
4223,53,F,2024-02-04,Bronce
4224,20,F,2026-02-01,Plata
4225,23,Otro,2023-10-04,Plata
4226,49,M,2026-03-25,Plata
4227,63,F,2026-02-05,Plata
4228,67,M,2024-10-22,Plata
4229,71,F,2025-04-12,Bronce
4230,27,F,2023-06-06,Bronce
4231,53,M,2024-07-04,Plata
4232,16,F,2024-04-09,Bronce
4233,46,M,2024-06-10,Oro
4234,19,F,2026-04-30,Bronce
4235,64,F,2023-09-02,Bronce
4236,60,F,2024-11-14,Bronce
4237,65,M,2024-06-21,Bronce
4238,20,M,2023-11-03,Plata
4239,45,F,2023-05-21,Oro
4240,71,M,2023-08-02,Bronce
4241,39,M,2025-01-08,Plata
4242,74,M,2025-03-30,Bronce
4243,18,M,2025-03-01,Bronce
4244,26,F,2024-02-02,Bronce
4245,60,M,2025-02-21,Oro
4246,19,F,2025-06-23,Bronce
4247,41,M,2024-12-28,Oro
4248,42,M,2024-11-15,Bronce
4249,61,M,2025-09-14,Bronce
4250,69,M,2024-12-23,Plata
4251,58,M,2023-10-24,Bronce
4252,42,F,2025-06-02,Plata
4253,57,M,2025-11-02,Bronce
4254,66,M,2026-02-24,Plata
4255,65,M,2026-04-21,Bronce
4256,21,M,2024-05-04,Plata
4257,74,F,2024-01-27,Plata
4258,30,F,2025-04-20,Oro
4259,68,M,2023-09-11,Bronce
4260,45,M,2023-07-10,Bronce
4261,57,Otro,2024-08-20,Bronce
4262,52,M,2023-06-20,Plata
4263,73,F,2024-09-26,Oro
4264,52,M,2024-06-28,Bronce
4265,57,F,2023-10-29,Bronce
4266,75,F,2023-09-12,Oro
4267,52,F,2024-10-31,Bronce
4268,50,M,2024-02-08,Oro
4269,38,M,2024-12-23,Bronce
4270,21,M,2024-01-24,Plata
4271,19,M,2023-09-13,Bronce
4272,33,M,2025-09-15,Plata
4273,75,M,2023-10-11,Oro
4274,24,F,2024-10-25,Plata
4275,64,F,2025-11-27,Bronce
4276,44,M,2025-12-28,Bronce
4277,28,M,2025-06-07,Bronce
4278,74,Otro,2026-05-18,Bronce
4279,62,F,2023-07-07,Oro
4280,67,F,2025-03-20,Plata
4281,32,M,2026-02-28,Plata
4282,60,M,2024-01-31,Plata
4283,47,M,2025-12-18,Plata
4284,63,M,2025-03-24,Plata
4285,37,F,2024-01-19,Oro
4286,19,F,2023-08-11,Bronce
4287,20,M,2023-10-24,Plata
4288,52,Otro,2024-10-15,Bronce
4289,56,M,2024-04-03,Plata
4290,64,Otro,2024-03-10,Bronce
4291,28,Otro,2025-02-13,Bronce
4292,49,M,2026-05-07,Bronce
4293,60,M,2025-09-26,Bronce
4294,37,F,2025-09-05,Oro
4295,68,F,2024-07-05,Oro
4296,74,F,2026-03-11,Plata
4297,38,Otro,2024-07-30,Bronce
4298,66,F,2024-08-23,Oro
4299,18,M,2024-05-23,Bronce
4300,57,M,2023-10-16,Bronce
4301,49,F,2023-08-05,Bronce
4302,47,M,2025-01-19,Bronce
4303,60,F,2025-10-24,Bronce
4304,66,M,2025-09-19,Bronce
4305,73,M,2025-06-20,Oro
4306,64,M,2024-01-13,Bronce
4307,36,F,2023-08-12,Bronce
4308,61,M,2024-11-30,Bronce
4309,59,F,2023-05-25,Bronce
4310,36,F,2025-03-14,Oro
4311,59,F,2023-10-03,Oro
4312,26,F,2024-08-19,Oro
4313,54,M,2026-03-13,Bronce
4314,19,F,2026-01-15,Plata
4315,66,M,2025-12-07,Plata
4316,16,M,2025-06-04,Bronce
4317,43,M,2024-03-25,Oro
4318,39,F,2023-10-17,Bronce
4319,50,F,2023-06-28,Bronce
4320,28,F,2024-04-05,Bronce
4321,62,F,2024-02-09,Plata
4322,49,F,2026-02-04,Plata
4323,26,M,2024-08-15,Bronce
4324,51,F,2023-09-24,Bronce
4325,66,M,2025-05-24,Bronce
4326,32,Otro,2023-11-15,Bronce
4327,50,F,2024-09-10,Plata
4328,75,F,2025-01-26,Plata
4329,33,F,2025-05-20,Bronce
4330,55,M,2025-06-17,Bronce
4331,37,F,2026-03-11,Bronce
4332,72,M,2024-07-04,Plata
4333,39,F,2023-10-08,Bronce
4334,73,F,2026-02-10,Plata
4335,34,F,2025-09-11,Bronce
4336,52,F,2025-01-11,Plata
4337,54,M,2024-03-02,Bronce
4338,36,M,2024-12-16,Bronce
4339,23,F,2025-01-01,Bronce
4340,43,M,2024-12-13,Bronce
4341,20,M,2024-03-04,Bronce
4342,32,F,2025-04-11,Plata
4343,52,F,2023-07-28,Bronce
4344,51,F,2024-07-02,Plata
4345,69,M,2025-04-02,Bronce
4346,34,F,2025-05-11,Bronce
4347,42,M,2024-07-02,Plata
4348,68,F,2024-05-05,Plata
4349,49,M,2024-07-10,Oro
4350,26,F,2025-10-12,Bronce
4351,69,F,2023-08-23,Plata
4352,60,M,2024-01-09,Bronce
4353,62,F,2026-05-05,Bronce
4354,27,F,2026-03-21,Plata
4355,69,M,2023-10-17,Bronce
4356,36,F,2023-09-30,Oro
4357,69,M,2026-03-22,Plata
4358,26,F,2024-11-04,Plata
4359,54,F,2025-09-07,Bronce
4360,43,M,2025-02-21,Plata
4361,20,F,2025-11-21,Bronce
4362,32,M,2024-05-07,Oro
4363,71,M,2025-09-25,Bronce
4364,35,Otro,2023-08-22,Bronce
4365,56,F,2025-01-10,Bronce
4366,61,M,2025-08-08,Plata
4367,73,M,2025-02-28,Plata
4368,27,M,2025-08-28,Bronce
4369,21,Otro,2026-04-21,Bronce
4370,32,M,2025-05-26,Oro
4371,66,M,2025-10-25,Bronce
4372,34,F,2024-05-20,Plata
4373,41,M,2025-05-28,Plata
4374,63,M,2024-08-26,Oro
4375,59,M,2023-09-19,Bronce
4376,59,M,2025-01-22,Plata
4377,67,M,2023-07-12,Plata
4378,47,F,2025-07-07,Bronce
4379,21,M,2025-10-23,Oro
4380,70,F,2025-07-30,Plata
4381,73,F,2025-10-23,Plata
4382,51,F,2026-04-06,Bronce
4383,53,F,2026-01-07,Plata
4384,26,M,2024-01-04,Bronce
4385,48,M,2023-11-22,Bronce
4386,39,M,2025-04-16,Plata
4387,38,M,2024-02-12,Bronce
4388,30,F,2024-02-03,Bronce
4389,42,F,2024-04-13,Plata
4390,26,F,2024-03-14,Bronce
4391,72,M,2023-12-02,Oro
4392,66,F,2023-07-25,Bronce
4393,65,M,2025-03-07,Bronce
4394,32,F,2023-09-18,Bronce
4395,66,M,2026-04-15,Bronce
4396,68,F,2025-03-26,Oro
4397,29,M,2024-03-28,Plata
4398,42,F,2026-01-18,Plata
4399,33,F,2024-01-04,Plata
4400,43,F,2025-11-29,Bronce
4401,66,M,2024-06-23,Oro
4402,62,F,2024-09-27,Oro
4403,62,F,2023-09-01,Plata
4404,19,M,2023-10-02,Plata
4405,22,M,2025-01-11,Plata
4406,60,M,2025-09-30,Plata
4407,50,M,2025-01-26,Bronce
4408,63,F,2025-09-23,Oro
4409,24,Otro,2024-10-07,Bronce
4410,23,M,2024-07-22,Plata
4411,67,F,2025-08-04,Bronce
4412,60,Otro,2025-04-30,Bronce
4413,32,M,2023-06-08,Bronce
4414,32,F,2026-05-12,Bronce
4415,64,F,2026-01-11,Bronce
4416,48,F,2025-11-17,Oro
4417,47,M,2025-08-08,Bronce
4418,23,F,2025-03-01,Bronce
4419,34,M,2023-11-10,Oro
4420,53,F,2025-02-21,Bronce
4421,18,M,2024-01-07,Plata
4422,74,F,2024-01-05,Bronce
4423,20,M,2025-10-16,Plata
4424,28,M,2025-11-18,Bronce
4425,62,F,2025-11-10,Oro
4426,61,M,2023-10-22,Plata
4427,46,F,2023-10-31,Bronce
4428,70,Otro,2025-10-10,Plata
4429,31,F,2023-10-23,Plata
4430,65,M,2024-08-06,Bronce
4431,47,F,2025-08-29,Bronce
4432,37,F,2024-11-04,Plata
4433,44,F,2025-02-16,Bronce
4434,37,M,2024-07-03,Bronce
4435,58,F,2025-01-04,Bronce
4436,18,F,2026-03-02,Oro
4437,69,M,2025-06-12,Oro
4438,25,M,2025-10-24,Plata
4439,57,M,2025-12-20,Oro
4440,36,F,2025-05-23,Plata
4441,31,F,2023-07-17,Bronce
4442,27,F,2024-02-11,Oro
4443,17,M,2024-07-20,Bronce
4444,56,M,2025-02-03,Plata
4445,39,Otro,2023-12-29,Oro
4446,50,Otro,2026-01-04,Bronce
4447,71,F,2025-12-20,Bronce
4448,45,F,2026-04-11,Bronce
4449,72,M,2026-05-01,Plata
4450,45,F,2025-02-02,Bronce
4451,62,M,2023-07-19,Plata
4452,50,M,2025-01-23,Oro
4453,34,F,2024-10-15,Bronce
4454,65,M,2026-04-26,Bronce
4455,23,M,2024-05-23,Plata
4456,41,M,2023-08-04,Plata
4457,64,M,2025-05-27,Bronce
4458,55,F,2024-07-10,Bronce
4459,22,M,2024-12-18,Bronce
4460,45,M,2023-06-20,Bronce
4461,22,M,2024-10-25,Bronce
4462,18,M,2024-09-01,Oro
4463,16,M,2024-09-14,Plata
4464,51,F,2024-07-28,Oro
4465,40,M,2025-06-21,Bronce
4466,52,F,2026-05-05,Bronce
4467,16,Otro,2026-04-17,Plata
4468,30,F,2023-10-19,Plata
4469,52,M,2024-05-08,Plata
4470,28,M,2023-12-14,Bronce
4471,55,F,2024-08-28,Bronce
4472,23,F,2025-04-07,Plata
4473,20,F,2024-09-29,Bronce
4474,75,F,2024-07-11,Bronce
4475,24,F,2025-02-25,Plata
4476,16,F,2025-12-14,Plata
4477,51,F,2026-02-15,Bronce
4478,50,M,2023-10-05,Bronce
4479,17,Otro,2024-03-06,Bronce
4480,55,F,2025-04-05,Oro
4481,38,M,2024-04-12,Bronce
4482,24,F,2025-02-10,Plata
4483,49,F,2025-06-10,Bronce
4484,61,F,2025-07-30,Bronce
4485,29,F,2024-12-20,Plata
4486,19,M,2023-08-15,Bronce
4487,45,Otro,2025-07-28,Oro
4488,46,F,2024-01-21,Plata
4489,53,F,2023-08-29,Bronce
4490,26,M,2024-09-14,Oro
4491,50,M,2025-07-15,Plata
4492,23,F,2025-02-04,Bronce
4493,18,M,2023-12-16,Plata
4494,29,M,2025-08-11,Plata
4495,75,F,2025-10-19,Bronce
4496,28,F,2023-07-03,Oro
4497,60,M,2024-02-13,Oro
4498,47,M,2024-03-14,Bronce
4499,49,M,2024-03-26,Oro
4500,60,F,2023-08-17,Oro
4501,34,M,2024-06-10,Plata
4502,74,M,2023-07-10,Plata
4503,53,F,2025-04-28,Bronce
4504,31,Otro,2023-08-06,Bronce
4505,17,F,2024-11-29,Bronce
4506,55,M,2026-05-18,Bronce
4507,32,M,2024-03-24,Bronce
4508,70,F,2024-07-18,Plata
4509,49,M,2024-12-12,Oro
4510,57,F,2025-05-10,Oro
4511,75,M,2025-07-12,Plata
4512,31,M,2025-01-25,Bronce
4513,53,F,2026-01-31,Bronce
4514,75,F,2023-11-28,Bronce
4515,17,F,2026-04-12,Oro
4516,17,M,2023-07-06,Bronce
4517,41,M,2024-05-29,Plata
4518,28,F,2024-12-18,Bronce
4519,71,F,2025-06-17,Oro
4520,62,M,2025-11-27,Plata
4521,46,M,2025-04-11,Bronce
4522,75,M,2024-02-19,Plata
4523,49,Otro,2025-05-26,Plata
4524,54,F,2025-11-16,Bronce
4525,18,F,2025-09-22,Plata
4526,23,M,2024-11-13,Bronce
4527,38,Otro,2024-11-04,Oro
4528,29,M,2024-01-29,Plata
4529,71,F,2024-06-24,Bronce
4530,70,F,2026-04-24,Oro
4531,42,M,2023-10-07,Bronce
4532,69,M,2024-08-04,Bronce
4533,44,M,2023-07-01,Plata
4534,54,M,2025-01-09,Bronce
4535,68,F,2023-08-05,Bronce
4536,54,F,2024-01-28,Bronce
4537,16,F,2025-10-24,Plata
4538,32,F,2024-04-16,Bronce
4539,56,F,2024-04-27,Bronce
4540,45,M,2026-02-18,Bronce
4541,68,M,2024-05-03,Bronce
4542,28,Otro,2026-04-06,Plata
4543,36,M,2024-04-05,Oro
4544,34,F,2024-07-11,Bronce
4545,68,M,2026-02-25,Bronce
4546,34,F,2025-02-14,Bronce
4547,72,F,2025-07-25,Bronce
4548,40,M,2023-06-20,Plata
4549,37,M,2026-04-13,Bronce
4550,46,F,2023-06-02,Bronce
4551,32,M,2025-05-25,Plata
4552,70,M,2023-12-11,Plata
4553,38,F,2026-02-18,Bronce
4554,47,M,2024-02-13,Bronce
4555,25,F,2025-12-08,Plata
4556,25,F,2023-06-02,Plata
4557,51,M,2024-05-01,Bronce
4558,23,F,2024-06-15,Oro
4559,69,F,2025-12-20,Oro
4560,67,M,2024-09-05,Plata
4561,35,M,2026-02-11,Plata
4562,47,M,2024-07-20,Bronce
4563,65,M,2025-03-08,Bronce
4564,29,M,2024-12-24,Plata
4565,65,M,2024-11-11,Bronce
4566,43,M,2025-05-02,Plata
4567,61,F,2024-06-14,Oro
4568,67,F,2024-04-22,Plata
4569,68,F,2025-05-13,Bronce
4570,39,F,2024-08-31,Plata
4571,30,F,2026-04-05,Bronce
4572,37,F,2025-08-05,Bronce
4573,45,F,2026-01-12,Plata
4574,19,M,2025-01-25,Bronce
4575,28,F,2025-11-12,Bronce
4576,74,M,2023-10-25,Plata
4577,38,M,2023-05-31,Oro
4578,23,F,2025-07-22,Bronce
4579,33,M,2026-03-13,Plata
4580,27,M,2024-12-21,Plata
4581,70,F,2025-10-08,Oro
4582,46,F,2026-02-18,Bronce
4583,29,F,2025-11-27,Oro
4584,49,F,2025-12-21,Bronce
4585,33,M,2024-08-01,Oro
4586,71,M,2024-08-25,Plata
4587,49,F,2026-04-17,Bronce
4588,26,M,2023-11-03,Bronce
4589,56,F,2025-06-06,Bronce
4590,27,M,2023-08-27,Bronce
4591,64,M,2024-10-23,Bronce
4592,30,F,2024-07-22,Bronce
4593,72,F,2026-02-08,Bronce
4594,46,F,2024-10-06,Bronce
4595,64,F,2024-07-23,Bronce
4596,73,M,2024-06-28,Bronce
4597,44,M,2026-03-04,Plata
4598,41,M,2026-02-25,Plata
4599,33,M,2024-08-26,Plata
4600,47,M,2024-03-07,Oro
4601,37,F,2024-01-07,Plata
4602,53,M,2025-07-31,Plata
4603,32,F,2024-05-27,Bronce
4604,38,F,2023-08-16,Plata
4605,39,M,2025-12-07,Plata
4606,65,M,2025-02-05,Plata
4607,23,M,2026-03-11,Plata
4608,56,F,2024-09-27,Bronce
4609,21,M,2026-04-11,Bronce
4610,20,M,2023-12-23,Plata
4611,59,F,2023-06-28,Oro
4612,72,M,2026-03-03,Plata
4613,44,F,2025-06-30,Bronce
4614,43,F,2024-08-21,Oro
4615,26,F,2024-06-26,Bronce
4616,72,M,2025-02-28,Bronce
4617,16,F,2025-02-06,Plata
4618,58,F,2025-01-12,Plata
4619,34,M,2023-07-13,Bronce
4620,24,M,2025-11-10,Bronce
4621,42,M,2025-10-24,Plata
4622,49,F,2024-03-10,Bronce
4623,59,F,2024-11-03,Plata
4624,19,F,2024-04-29,Oro
4625,51,F,2026-04-20,Bronce
4626,33,M,2025-08-27,Oro
4627,30,M,2026-02-04,Oro
4628,66,F,2025-05-28,Bronce
4629,28,F,2026-03-28,Plata
4630,34,M,2024-11-26,Plata
4631,64,F,2025-07-16,Plata
4632,21,F,2024-08-28,Bronce
4633,63,F,2024-02-08,Bronce
4634,71,F,2026-03-06,Bronce
4635,27,F,2025-10-03,Bronce
4636,66,M,2024-02-25,Bronce
4637,52,F,2024-08-18,Oro
4638,32,M,2023-10-18,Bronce
4639,73,F,2025-05-20,Bronce
4640,38,M,2023-12-04,Plata
4641,41,F,2024-06-24,Plata
4642,44,F,2025-10-04,Plata
4643,48,M,2024-02-28,Bronce
4644,75,M,2026-04-09,Bronce
4645,42,Otro,2024-10-22,Plata
4646,40,Otro,2026-03-01,Bronce
4647,71,M,2023-10-05,Plata
4648,70,Otro,2024-04-29,Oro
4649,25,F,2024-11-21,Plata
4650,62,F,2024-04-30,Bronce
4651,38,M,2024-09-08,Plata
4652,36,F,2025-03-03,Plata
4653,36,F,2024-10-15,Bronce
4654,58,F,2024-12-17,Plata
4655,28,F,2024-06-27,Oro
4656,52,F,2025-11-14,Bronce
4657,48,F,2024-08-18,Bronce
4658,39,M,2025-05-09,Bronce
4659,59,M,2023-11-18,Bronce
4660,26,M,2025-05-19,Bronce
4661,32,M,2023-08-11,Bronce
4662,19,F,2026-01-29,Bronce
4663,62,F,2025-11-11,Bronce
4664,40,F,2025-11-06,Bronce
4665,45,M,2026-01-08,Bronce
4666,24,F,2023-09-07,Bronce
4667,36,M,2025-05-22,Bronce
4668,35,M,2024-03-17,Bronce
4669,34,M,2025-07-05,Bronce
4670,34,F,2023-11-22,Plata
4671,27,M,2026-04-11,Oro
4672,52,F,2025-01-01,Plata
4673,57,M,2025-08-20,Bronce
4674,32,F,2024-08-25,Plata
4675,52,F,2025-02-19,Plata
4676,69,F,2023-08-11,Bronce
4677,63,F,2024-01-09,Bronce
4678,54,F,2023-12-19,Bronce
4679,43,F,2024-03-26,Plata
4680,56,F,2024-11-02,Bronce
4681,50,M,2025-02-13,Bronce
4682,62,M,2025-10-20,Plata
4683,63,M,2025-04-29,Bronce
4684,33,F,2023-12-28,Bronce
4685,29,F,2024-09-22,Oro
4686,50,F,2024-02-24,Bronce
4687,59,F,2023-09-22,Plata
4688,56,M,2025-06-15,Bronce
4689,75,F,2024-10-17,Bronce
4690,22,Otro,2026-01-24,Plata
4691,56,M,2024-02-18,Bronce
4692,28,F,2024-09-17,Plata
4693,33,M,2026-01-29,Plata
4694,52,F,2023-08-18,Bronce
4695,28,M,2023-05-27,Bronce
4696,51,F,2025-04-21,Oro
4697,46,F,2024-07-17,Oro
4698,17,M,2024-04-09,Bronce
4699,31,M,2024-02-05,Bronce
4700,24,F,2025-10-31,Oro
4701,24,Otro,2024-01-21,Oro
4702,53,F,2025-06-18,Plata
4703,26,F,2023-10-03,Bronce
4704,69,M,2023-12-07,Oro
4705,71,F,2025-12-29,Bronce
4706,37,F,2025-03-23,Oro
4707,48,F,2026-01-28,Bronce
4708,51,M,2025-03-17,Bronce
4709,60,F,2025-02-04,Bronce
4710,38,F,2025-03-16,Plata
4711,60,F,2025-05-30,Bronce
4712,60,F,2025-01-04,Bronce
4713,49,F,2023-05-27,Oro
4714,24,F,2023-07-17,Bronce
4715,39,M,2025-08-26,Plata
4716,23,F,2024-03-24,Plata
4717,22,M,2024-12-19,Plata
4718,51,M,2023-06-10,Oro
4719,33,M,2024-10-01,Bronce
4720,18,F,2025-08-21,Plata
4721,43,M,2024-03-11,Oro
4722,21,M,2023-06-16,Oro
4723,59,F,2026-04-05,Bronce
4724,59,M,2023-05-26,Plata
4725,36,M,2026-01-17,Plata
4726,43,F,2024-06-09,Plata
4727,55,F,2024-05-05,Bronce
4728,69,M,2026-05-01,Oro
4729,69,F,2024-11-04,Plata
4730,16,F,2024-09-15,Bronce
4731,51,M,2023-12-06,Bronce
4732,36,F,2023-10-26,Bronce
4733,75,Otro,2025-01-04,Bronce
4734,58,M,2025-07-09,Plata
4735,50,M,2025-11-19,Oro
4736,28,F,2024-09-06,Plata
4737,72,F,2024-02-03,Bronce
4738,64,M,2023-08-29,Bronce
4739,69,F,2023-07-30,Bronce
4740,69,F,2024-08-25,Plata
4741,25,F,2024-08-13,Bronce
4742,68,F,2025-04-27,Bronce
4743,59,M,2025-08-05,Bronce
4744,62,F,2025-12-01,Plata
4745,68,F,2025-08-11,Bronce
4746,25,M,2024-10-25,Oro
4747,61,F,2025-03-23,Bronce
4748,28,F,2026-04-20,Bronce
4749,52,M,2023-12-13,Bronce
4750,53,F,2024-11-02,Plata
4751,39,M,2025-06-19,Bronce
4752,17,M,2024-11-28,Bronce
4753,37,M,2024-03-07,Bronce
4754,32,M,2024-01-31,Bronce
4755,51,F,2025-02-04,Bronce
4756,29,M,2023-06-18,Bronce
4757,25,F,2024-05-08,Bronce
4758,50,M,2024-05-02,Oro
4759,40,F,2023-12-09,Bronce
4760,18,F,2024-04-12,Bronce
4761,62,F,2023-06-23,Bronce
4762,53,M,2025-11-21,Bronce
4763,32,M,2025-07-11,Plata
4764,27,M,2024-02-06,Bronce
4765,69,F,2023-11-27,Plata
4766,67,F,2024-12-09,Oro
4767,39,F,2026-02-23,Bronce
4768,44,F,2023-07-17,Bronce
4769,58,M,2024-12-22,Bronce
4770,40,F,2026-02-07,Plata
4771,51,F,2024-06-20,Oro
4772,73,F,2025-08-27,Plata
4773,75,F,2026-01-12,Plata
4774,41,M,2023-08-03,Bronce
4775,53,M,2025-11-27,Plata
4776,16,F,2023-08-02,Bronce
4777,35,F,2026-03-13,Plata
4778,70,M,2023-11-03,Plata
4779,43,F,2026-02-28,Bronce
4780,31,M,2023-06-19,Plata
4781,62,F,2023-08-02,Bronce
4782,32,Otro,2026-04-25,Plata
4783,55,F,2023-11-15,Plata
4784,43,F,2025-02-25,Bronce
4785,73,M,2025-04-09,Plata
4786,27,M,2024-12-30,Bronce
4787,42,F,2023-11-27,Bronce
4788,69,M,2025-09-16,Bronce
4789,68,M,2024-06-15,Oro
4790,57,F,2025-05-25,Bronce
4791,74,M,2026-05-14,Plata
4792,62,F,2024-01-12,Bronce
4793,45,F,2024-04-03,Bronce
4794,56,F,2026-05-03,Plata
4795,49,F,2026-04-19,Bronce
4796,52,F,2026-01-23,Plata
4797,21,F,2023-06-03,Plata
4798,22,F,2024-08-29,Oro
4799,47,M,2025-03-03,Plata
4800,47,F,2026-03-12,Plata
4801,68,F,2023-10-23,Oro
4802,40,M,2026-03-14,Oro
4803,48,M,2025-08-05,Oro
4804,70,F,2024-07-12,Plata
4805,73,M,2026-01-11,Plata
4806,22,F,2025-12-15,Plata
4807,67,Otro,2026-05-12,Bronce
4808,72,M,2023-12-19,Oro
4809,27,F,2025-02-28,Bronce
4810,31,M,2023-10-29,Bronce
4811,31,F,2025-07-22,Plata
4812,58,M,2026-01-03,Plata
4813,68,F,2023-11-18,Bronce
4814,51,M,2024-08-01,Bronce
4815,28,M,2023-11-13,Bronce
4816,22,M,2023-11-01,Bronce
4817,51,M,2025-07-01,Plata
4818,62,F,2024-03-23,Plata
4819,66,M,2025-12-21,Bronce
4820,24,F,2024-03-25,Oro
4821,47,F,2024-07-01,Bronce
4822,26,F,2025-08-09,Bronce
4823,23,F,2024-03-28,Plata
4824,48,F,2024-11-26,Plata
4825,38,M,2026-05-16,Bronce
4826,40,M,2025-02-14,Plata
4827,71,F,2024-08-20,Bronce
4828,23,F,2024-01-24,Bronce
4829,60,Otro,2023-07-20,Bronce
4830,37,M,2025-09-17,Oro
4831,74,M,2025-06-29,Plata
4832,19,M,2024-04-06,Bronce
4833,55,F,2026-04-23,Plata
4834,18,F,2025-06-04,Bronce
4835,44,M,2024-10-14,Bronce
4836,56,F,2024-05-18,Bronce
4837,44,F,2023-05-24,Plata
4838,49,F,2023-06-08,Oro
4839,49,M,2026-03-28,Plata
4840,43,F,2023-10-05,Oro
4841,28,F,2023-11-07,Plata
4842,30,F,2025-10-27,Bronce
4843,75,F,2026-03-24,Bronce
4844,38,M,2025-06-25,Bronce
4845,59,M,2024-01-06,Plata
4846,41,F,2023-10-06,Plata
4847,19,M,2025-07-22,Oro
4848,41,F,2023-09-13,Bronce
4849,55,F,2023-10-24,Bronce
4850,24,F,2024-06-20,Bronce
4851,70,M,2026-02-13,Plata
4852,20,M,2024-05-13,Plata
4853,71,F,2025-04-28,Plata
4854,47,M,2024-08-21,Bronce
4855,35,F,2024-07-03,Bronce
4856,65,F,2025-05-10,Bronce
4857,26,M,2023-08-05,Bronce
4858,30,F,2023-10-22,Oro
4859,47,M,2024-02-15,Plata
4860,43,M,2023-07-20,Bronce
4861,37,Otro,2024-08-13,Plata
4862,56,Otro,2024-11-29,Bronce
4863,32,F,2026-04-05,Bronce
4864,74,F,2024-09-16,Oro
4865,41,F,2025-03-11,Plata
4866,59,M,2023-11-16,Bronce
4867,22,M,2023-10-14,Plata
4868,57,F,2023-07-30,Bronce
4869,72,M,2023-06-04,Plata
4870,41,F,2023-12-20,Oro
4871,40,F,2026-03-15,Bronce
4872,25,F,2026-02-18,Plata
4873,74,F,2024-02-08,Oro
4874,60,M,2024-10-11,Plata
4875,34,M,2024-11-25,Plata
4876,26,F,2025-03-29,Bronce
4877,28,F,2026-01-09,Bronce
4878,68,F,2024-07-09,Bronce
4879,23,F,2023-10-11,Plata
4880,55,M,2024-12-18,Bronce
4881,19,F,2024-11-02,Plata
4882,62,F,2024-02-28,Bronce
4883,46,M,2023-11-12,Plata
4884,43,M,2025-01-31,Plata
4885,26,F,2025-01-30,Oro
4886,58,F,2025-04-28,Oro
4887,16,M,2024-07-15,Bronce
4888,64,F,2025-01-08,Bronce
4889,62,M,2026-04-25,Plata
4890,67,M,2025-05-31,Oro
4891,53,F,2025-03-05,Plata
4892,39,F,2026-02-20,Oro
4893,69,F,2024-02-03,Bronce
4894,75,M,2023-11-11,Plata
4895,72,M,2023-12-11,Oro
4896,62,M,2026-05-05,Plata
4897,46,M,2023-08-19,Oro
4898,56,M,2024-01-22,Bronce
4899,61,M,2023-10-28,Oro
4900,65,M,2025-02-24,Bronce
4901,41,M,2025-11-22,Plata
4902,64,F,2025-06-07,Bronce
4903,65,M,2025-10-19,Bronce
4904,20,M,2026-04-07,Bronce
4905,35,F,2025-03-30,Plata
4906,67,M,2024-02-25,Bronce
4907,56,F,2025-12-24,Bronce
4908,26,M,2024-12-29,Bronce
4909,71,M,2024-11-27,Bronce
4910,69,M,2025-12-24,Bronce
4911,48,M,2023-07-03,Bronce
4912,65,F,2026-04-17,Plata
4913,53,F,2023-12-08,Bronce
4914,42,M,2025-06-08,Plata
4915,49,M,2025-06-16,Plata
4916,30,F,2023-11-11,Bronce
4917,47,M,2025-02-16,Plata
4918,73,F,2025-04-03,Plata
4919,36,M,2023-07-30,Plata
4920,61,F,2023-08-26,Bronce
4921,20,M,2024-06-29,Plata
4922,21,M,2026-03-02,Plata
4923,53,F,2024-09-19,Plata
4924,37,F,2023-06-08,Plata
4925,33,F,2026-05-18,Plata
4926,29,F,2026-04-07,Bronce
4927,25,F,2025-08-12,Plata
4928,61,M,2025-10-31,Plata
4929,28,F,2025-10-13,Bronce
4930,46,M,2024-05-01,Plata
4931,45,F,2026-03-25,Bronce
4932,18,Otro,2024-10-26,Oro
4933,45,M,2025-08-03,Plata
4934,21,M,2025-08-09,Oro
4935,44,M,2026-04-23,Bronce
4936,23,M,2026-05-12,Bronce
4937,59,F,2026-01-04,Plata
4938,60,M,2023-10-14,Bronce
4939,58,M,2025-03-22,Oro
4940,59,F,2026-03-12,Oro
4941,48,F,2024-06-09,Bronce
4942,32,F,2025-06-06,Oro
4943,63,F,2024-11-07,Bronce
4944,26,F,2026-03-16,Bronce
4945,28,Otro,2026-04-04,Bronce
4946,65,F,2026-02-09,Bronce
4947,26,F,2025-01-06,Oro
4948,46,M,2024-01-05,Oro
4949,43,M,2025-10-03,Oro
4950,59,F,2025-12-27,Plata
4951,21,F,2023-08-12,Plata
4952,56,F,2023-06-07,Bronce
4953,31,Otro,2026-02-12,Bronce
4954,19,F,2024-01-18,Bronce
4955,50,F,2025-07-13,Bronce
4956,75,F,2025-05-18,Bronce
4957,63,F,2025-06-28,Oro
4958,71,M,2024-01-31,Plata
4959,74,M,2023-09-13,Bronce
4960,41,F,2025-06-21,Oro
4961,72,M,2024-09-29,Oro
4962,27,F,2024-05-28,Plata
4963,26,M,2024-10-15,Bronce
4964,52,F,2024-07-25,Bronce
4965,40,F,2023-08-06,Bronce
4966,33,F,2025-07-15,Plata
4967,34,M,2024-04-29,Bronce
4968,38,F,2025-09-21,Oro
4969,70,F,2026-02-12,Bronce
4970,53,M,2024-12-28,Plata
4971,69,F,2025-02-04,Plata
4972,33,M,2024-05-19,Bronce
4973,41,M,2023-09-19,Plata
4974,21,M,2025-05-02,Bronce
4975,19,F,2025-04-09,Bronce
4976,59,F,2025-10-26,Plata
4977,66,F,2025-04-15,Bronce
4978,44,M,2023-10-03,Plata
4979,74,M,2025-07-02,Bronce
4980,49,F,2025-04-13,Plata
4981,32,F,2024-09-21,Plata
4982,58,F,2023-11-20,Bronce
4983,58,M,2025-06-30,Plata
4984,68,M,2026-02-27,Oro
4985,31,F,2023-06-16,Plata
4986,17,F,2023-10-26,Bronce
4987,49,M,2025-02-04,Bronce
4988,70,M,2025-02-18,Oro
4989,23,F,2023-07-14,Oro
4990,28,M,2025-10-01,Oro
4991,57,F,2025-09-18,Bronce
4992,23,M,2023-05-20,Plata
4993,45,M,2023-10-08,Bronce
4994,47,Otro,2025-12-13,Bronce
4995,51,M,2026-01-05,Bronce
4996,62,F,2026-02-03,Plata
4997,45,F,2024-09-04,Bronce
4998,16,M,2025-07-17,Oro
4999,58,M,2025-10-09,Bronce
5000,54,F,2024-04-05,Bronce
